insert into provinces(id, name) values (1, 'Ha Noi City');
insert into districts(id, province_id, name) values (1, 1, 'Hoan Kiem');
insert into addresses(id, district_id, address, date_created) values (1, 1, '21 Ha Long Street', '2017-08-26 12:55:42');
insert into addresses(id, district_id, address, date_created) values (2, 1, '37 Hoang Cau Street', '2017-08-26 12:55:42');
insert into addresses(id, district_id, address, date_created) values (3, 1, '37 Lac Long Quan Street', '2017-08-26 12:55:42');
insert into districts(id, province_id, name) values (2, 1, 'Ba Dinh');
insert into addresses(id, district_id, address, date_created) values (4, 2, '45 Long Bien Street', '2017-08-26 12:55:42');
insert into addresses(id, district_id, address, date_created) values (5, 2, '37 Lac Long Quan Street', '2017-08-26 12:55:42');
insert into addresses(id, district_id, address, date_created) values (6, 2, '11 Le Hong Phong Street', '2017-08-26 12:55:42');
insert into districts(id, province_id, name) values (3, 1, 'Dong Da');
insert into addresses(id, district_id, address, date_created) values (7, 3, '45 Long Bien Street', '2017-08-26 12:55:42');
insert into addresses(id, district_id, address, date_created) values (8, 3, '37 Lac Long Quan Street', '2017-08-26 12:55:42');
insert into addresses(id, district_id, address, date_created) values (9, 3, '11 Le Hong Phong Street', '2017-08-26 12:55:42');
insert into districts(id, province_id, name) values (4, 1, 'Hai Ba Trung');
insert into addresses(id, district_id, address, date_created) values (10, 4, '21 Ha Long Street', '2017-08-26 12:55:42');
insert into addresses(id, district_id, address, date_created) values (11, 4, '37 Hoang Cau Street', '2017-08-26 12:55:42');
insert into addresses(id, district_id, address, date_created) values (12, 4, '37 Lac Long Quan Street', '2017-08-26 12:55:42');
insert into provinces(id, name) values (2, 'Ho Chi Minh City');
insert into districts(id, province_id, name) values (5, 2, 'Quan 1');
insert into addresses(id, district_id, address, date_created) values (13, 5, '21 Ha Long Street', '2017-08-26 12:55:42');
insert into addresses(id, district_id, address, date_created) values (14, 5, '37 Hoang Cau Street', '2017-08-26 12:55:42');
insert into addresses(id, district_id, address, date_created) values (15, 5, '11 Le Hong Phong Street', '2017-08-26 12:55:42');
insert into districts(id, province_id, name) values (6, 2, 'Quan 2');
insert into addresses(id, district_id, address, date_created) values (16, 6, '21 Ha Long Street', '2017-08-26 12:55:42');
insert into addresses(id, district_id, address, date_created) values (17, 6, '37 Hoang Cau Street', '2017-08-26 12:55:42');
insert into addresses(id, district_id, address, date_created) values (18, 6, '37 Lac Long Quan Street', '2017-08-26 12:55:42');
insert into districts(id, province_id, name) values (7, 2, 'Quan 3');
insert into addresses(id, district_id, address, date_created) values (19, 7, '37 Hoang Cau Street', '2017-08-26 12:55:42');
insert into addresses(id, district_id, address, date_created) values (20, 7, '37 Lac Long Quan Street', '2017-08-26 12:55:42');
insert into addresses(id, district_id, address, date_created) values (21, 7, '11 Le Hong Phong Street', '2017-08-26 12:55:42');
insert into districts(id, province_id, name) values (8, 2, 'Quan 4');
insert into addresses(id, district_id, address, date_created) values (22, 8, '37 Hoang Cau Street', '2017-08-26 12:55:42');
insert into addresses(id, district_id, address, date_created) values (23, 8, '37 Lac Long Quan Street', '2017-08-26 12:55:42');
insert into addresses(id, district_id, address, date_created) values (24, 8, '11 Le Hong Phong Street', '2017-08-26 12:55:42');
insert into provinces(id, name) values (3, 'Da Nang City');
insert into districts(id, province_id, name) values (9, 3, 'Quan 1');
insert into addresses(id, district_id, address, date_created) values (25, 9, '45 Long Bien Street', '2017-08-26 12:55:42');
insert into addresses(id, district_id, address, date_created) values (26, 9, '37 Lac Long Quan Street', '2017-08-26 12:55:42');
insert into addresses(id, district_id, address, date_created) values (27, 9, '11 Le Hong Phong Street', '2017-08-26 12:55:42');
insert into districts(id, province_id, name) values (10, 3, 'Quan 2');
insert into addresses(id, district_id, address, date_created) values (28, 10, '45 Long Bien Street', '2017-08-26 12:55:42');
insert into addresses(id, district_id, address, date_created) values (29, 10, '37 Hoang Cau Street', '2017-08-26 12:55:42');
insert into addresses(id, district_id, address, date_created) values (30, 10, '37 Lac Long Quan Street', '2017-08-26 12:55:42');
insert into districts(id, province_id, name) values (11, 3, 'Quan 3');
insert into addresses(id, district_id, address, date_created) values (31, 11, '21 Ha Long Street', '2017-08-26 12:55:42');
insert into addresses(id, district_id, address, date_created) values (32, 11, '37 Hoang Cau Street', '2017-08-26 12:55:42');
insert into addresses(id, district_id, address, date_created) values (33, 11, '11 Le Hong Phong Street', '2017-08-26 12:55:42');
insert into districts(id, province_id, name) values (12, 3, 'Quan 4');
insert into addresses(id, district_id, address, date_created) values (34, 12, '21 Ha Long Street', '2017-08-26 12:55:42');
insert into addresses(id, district_id, address, date_created) values (35, 12, '45 Long Bien Street', '2017-08-26 12:55:42');
insert into addresses(id, district_id, address, date_created) values (36, 12, '37 Hoang Cau Street', '2017-08-26 12:55:42');
insert into users(id, email, password, name, phone, role, status, token, date_created, address_id) values (1, 'admin@gmail.com', '$2y$10$T20KEP9LWmE1E9HC8xaDmeMKZHD4CzA9OeqRCHyM93WB5p0KhtZa2', 'Admin','0912593240', 1, 1, null, '2016-06-06', 2);
insert into users(id, email, password, name, phone, role, status, token, date_created, address_id) values (2, 'sp14@gmail.com', '$2y$10$T20KEP9LWmE1E9HC8xaDmeMKZHD4CzA9OeqRCHyM93WB5p0KhtZa2', 'sp14','0912593240', 0, 1, null, '2016-06-06', 2);
insert into users(id, email, password, name, phone, role, status, token, date_created, address_id) values (3, 'khang@gmail.com', '$2y$10$T20KEP9LWmE1E9HC8xaDmeMKZHD4CzA9OeqRCHyM93WB5p0KhtZa2', 'khang','0912593240', 0, 1, null, '2016-06-06', 3);
insert into users(id, email, password, name, phone, role, status, token, date_created, address_id) values (4, 'toan@gmail.com', '$2y$10$T20KEP9LWmE1E9HC8xaDmeMKZHD4CzA9OeqRCHyM93WB5p0KhtZa2', 'toan','0912593240', 0, 1, null, '2016-06-06', 4);
insert into users(id, email, password, name, phone, role, status, token, date_created, address_id) values (5, 'long@gmail.com', '$2y$10$T20KEP9LWmE1E9HC8xaDmeMKZHD4CzA9OeqRCHyM93WB5p0KhtZa2', 'long','0912593240', 0, 1, null, '2016-06-06', 5);
insert into users(id, email, password, name, phone, role, status, token, date_created, address_id) values (6, 'tung@gmail.com', '$2y$10$T20KEP9LWmE1E9HC8xaDmeMKZHD4CzA9OeqRCHyM93WB5p0KhtZa2', 'tung','0912593240', 0, 1, null, '2016-06-06', 6);
insert into users(id, email, password, name, phone, role, status, token, date_created, address_id) values (7, 'test@gmail.com', '$2y$10$T20KEP9LWmE1E9HC8xaDmeMKZHD4CzA9OeqRCHyM93WB5p0KhtZa2', 'test','0912593240', 0, 1, null, '2016-06-06', 7);
insert into categories (id,name,alias,description,parent_id,date_created) values (1,'Man','man','Man',null,'2017-08-16');
insert into categories (id,name,alias,description,parent_id,date_created) values (2,'Jackets','jackets','Jackets',1,'2017-08-16');
insert into categories (id,name,alias,description,parent_id,date_created) values (3,'Jackets 1','jackets-1','Jackets 1',2,'2017-08-16');
insert into categories (id,name,alias,description,parent_id,date_created) values (4,'Jackets 2','jackets-2','Jackets 2',2,'2017-08-16');
insert into categories (id,name,alias,description,parent_id,date_created) values (5,'Jackets 3','jackets-3','Jackets 3',2,'2017-08-16');
insert into categories (id,name,alias,description,parent_id,date_created) values (6,'Jean','jean','Jean',1,'2017-08-16');
insert into categories (id,name,alias,description,parent_id,date_created) values (7,'Jean 1','jean-1','Jean 1',6,'2017-08-16');
insert into categories (id,name,alias,description,parent_id,date_created) values (8,'Jean 2','jean-2','Jean 2',6,'2017-08-16');
insert into categories (id,name,alias,description,parent_id,date_created) values (9,'Jean 3','jean-3','Jean 3',6,'2017-08-16');
insert into categories (id,name,alias,description,parent_id,date_created) values (10,'Suit','suit','Suit',1,'2017-08-16');
insert into categories (id,name,alias,description,parent_id,date_created) values (11,'Suit 1','suit-1','Suit 1',10,'2017-08-16');
insert into categories (id,name,alias,description,parent_id,date_created) values (12,'Suit 2','suit-2','Suit 2',10,'2017-08-16');
insert into categories (id,name,alias,description,parent_id,date_created) values (13,'Suit 3','suit-3','Suit 3',10,'2017-08-16');
insert into categories (id,name,alias,description,parent_id,date_created) values (14,'Woman','woman','Woman',null,'2017-08-16');
insert into categories (id,name,alias,description,parent_id,date_created) values (15,'Jackets','jackets','Jackets',14,'2017-08-16');
insert into categories (id,name,alias,description,parent_id,date_created) values (16,'Jackets 1','jackets-1','Jackets 1',15,'2017-08-16');
insert into categories (id,name,alias,description,parent_id,date_created) values (17,'Jackets 2','jackets-2','Jackets 2',15,'2017-08-16');
insert into categories (id,name,alias,description,parent_id,date_created) values (18,'Jackets 3','jackets-3','Jackets 3',15,'2017-08-16');
insert into categories (id,name,alias,description,parent_id,date_created) values (19,'Jean','jean','Jean',14,'2017-08-16');
insert into categories (id,name,alias,description,parent_id,date_created) values (20,'Jean 1','jean-1','Jean 1',19,'2017-08-16');
insert into categories (id,name,alias,description,parent_id,date_created) values (21,'Jean 2','jean-2','Jean 2',19,'2017-08-16');
insert into categories (id,name,alias,description,parent_id,date_created) values (22,'Jean 3','jean-3','Jean 3',19,'2017-08-16');
insert into categories (id,name,alias,description,parent_id,date_created) values (23,'Suit','suit','Suit',14,'2017-08-16');
insert into categories (id,name,alias,description,parent_id,date_created) values (24,'Suit 1','suit-1','Suit 1',23,'2017-08-16');
insert into categories (id,name,alias,description,parent_id,date_created) values (25,'Suit 2','suit-2','Suit 2',23,'2017-08-16');
insert into categories (id,name,alias,description,parent_id,date_created) values (26,'Suit 3','suit-3','Suit 3',23,'2017-08-16');
insert into products (id,name,alias,price,intro,description,status,rate_sum,category_id,date_created,image,views,current_price) values (1,'Vinyl Jacker','vinyl-jacker',200,'Straight fit, vinyl jacket with laminated effect. Features a classic collar and contrasting snap buttons for fastening','Straight fit, vinyl jacket with laminated effect. Features a classic collar and contrasting snap buttons for fastening',1,0,6,'2017-03-23 02:17:02','/img/products/image_10.jpg',33,200);
insert into products (id,name,alias,price,intro,description,status,rate_sum,category_id,date_created,image,views,current_price) values (2,'CHESTER COAT','chester-coat',340,'Straight fit, vinyl jacket with laminated effect. Features a classic collar and contrasting snap buttons for fastening','Straight fit, vinyl jacket with laminated effect. Features a classic collar and contrasting snap buttons for fastening',1,0,7,'2014-08-13 06:55:42','/img/products/image_20.jpg',23,340);
insert into products (id,name,alias,price,intro,description,status,rate_sum,category_id,date_created,image,views,current_price) values (3,'BIKER JACKET','biker-jacket',530,'Straight fit, vinyl jacket with laminated effect. Features a classic collar and contrasting snap buttons for fastening','Straight fit, vinyl jacket with laminated effect. Features a classic collar and contrasting snap buttons for fastening',1,0,8,'2014-11-03 18:20:10','/img/products/image_30.jpg',44,530);
insert into products (id,name,alias,price,intro,description,status,rate_sum,category_id,date_created,image,views,current_price) values (4,'Fashion Suit','fashion-suit',120,'Straight fit, vinyl jacket with laminated effect. Features a classic collar and contrasting snap buttons for fastening','Straight fit, vinyl jacket with laminated effect. Features a classic collar and contrasting snap buttons for fastening',1,0,9,'2017-05-01 15:26:19','/img/products/image_40.jpg',55,120);
insert into products (id,name,alias,price,intro,description,status,rate_sum,category_id,date_created,image,views,current_price) values (5,'Fashion Shirt','fashion-shirt',890,'Straight fit, vinyl jacket with laminated effect. Features a classic collar and contrasting snap buttons for fastening','Straight fit, vinyl jacket with laminated effect. Features a classic collar and contrasting snap buttons for fastening',1,0,17,'2017-04-16 14:59:53','/img/products/image_50.jpg',36,890);
insert into products (id,name,alias,price,intro,description,status,rate_sum,category_id,date_created,image,views,current_price) values (6,'DRESS WITH RUFFLE','dress-with-ruffle',110,'Straight fit, vinyl jacket with laminated effect. Features a classic collar and contrasting snap buttons for fastening','Straight fit, vinyl jacket with laminated effect. Features a classic collar and contrasting snap buttons for fastening',1,0,18,'2017-06-10 02:44:10','/img/products/image_60.jpg',332,110);
insert into products (id,name,alias,price,intro,description,status,rate_sum,category_id,date_created,image,views,current_price) values (7,'Vinyl Jacker 1','vinyl-jacker-1',200,'Straight fit, vinyl jacket with laminated effect. Features a classic collar and contrasting snap buttons for fastening','Straight fit, vinyl jacket with laminated effect. Features a classic collar and contrasting snap buttons for fastening',1,0,8,'2016-07-26 22:55:29','/img/products/image_70.jpg',100,200);
insert into products (id,name,alias,price,intro,description,status,rate_sum,category_id,date_created,image,views,current_price) values (8,'CHESTER COAT 1','chester-coat-1',340,'Straight fit, vinyl jacket with laminated effect. Features a classic collar and contrasting snap buttons for fastening','Straight fit, vinyl jacket with laminated effect. Features a classic collar and contrasting snap buttons for fastening',1,0,6,'2015-07-12 13:43:50','/img/products/image_80.jpg',334,340);
insert into products (id,name,alias,price,intro,description,status,rate_sum,category_id,date_created,image,views,current_price) values (9,'BIKER JACKET 1','biker-jacket-1',530,'Straight fit, vinyl jacket with laminated effect. Features a classic collar and contrasting snap buttons for fastening','Straight fit, vinyl jacket with laminated effect. Features a classic collar and contrasting snap buttons for fastening',1,0,7,'2014-09-10 01:34:09','/img/products/image_90.jpg',111,530);
insert into products (id,name,alias,price,intro,description,status,rate_sum,category_id,date_created,image,views,current_price) values (10,'Fashion Suit 1','fashion-suit-1',120,'Straight fit, vinyl jacket with laminated effect. Features a classic collar and contrasting snap buttons for fastening','Straight fit, vinyl jacket with laminated effect. Features a classic collar and contrasting snap buttons for fastening',1,0,10,'2015-06-17 23:47:56','/img/products/image_100.jpg',22,120);
insert into products (id,name,alias,price,intro,description,status,rate_sum,category_id,date_created,image,views,current_price) values (11,'Fashion Shirt 1','fashion-shirt-1',890,'Straight fit, vinyl jacket with laminated effect. Features a classic collar and contrasting snap buttons for fastening','Straight fit, vinyl jacket with laminated effect. Features a classic collar and contrasting snap buttons for fastening',1,0,19,'2015-06-21 22:31:50','/img/products/image_110.jpg',33,890);
insert into products (id,name,alias,price,intro,description,status,rate_sum,category_id,date_created,image,views,current_price) values (12,'DRESS WITH RUFFLE 1','dress-with-ruffle-1',110,'Straight fit, vinyl jacket with laminated effect. Features a classic collar and contrasting snap buttons for fastening','Straight fit, vinyl jacket with laminated effect. Features a classic collar and contrasting snap buttons for fastening',1,0,20,'2015-03-29 04:31:21','/img/products/image_120.jpg',23,110);
insert into products (id,name,alias,price,intro,description,status,rate_sum,category_id,date_created,image,views,current_price) values (13,'Vinyl Jacker 2','vinyl-jacker-2',200,'Straight fit, vinyl jacket with laminated effect. Features a classic collar and contrasting snap buttons for fastening','Straight fit, vinyl jacket with laminated effect. Features a classic collar and contrasting snap buttons for fastening',1,0,7,'2016-05-20 07:15:16','/img/products/image_130.jpg',44,200);
insert into products (id,name,alias,price,intro,description,status,rate_sum,category_id,date_created,image,views,current_price) values (14,'CHESTER COAT 2','chester-coat-2',340,'Straight fit, vinyl jacket with laminated effect. Features a classic collar and contrasting snap buttons for fastening','Straight fit, vinyl jacket with laminated effect. Features a classic collar and contrasting snap buttons for fastening',1,0,9,'2014-08-05 18:17:16','/img/products/image_140.jpg',55,340);
insert into products (id,name,alias,price,intro,description,status,rate_sum,category_id,date_created,image,views,current_price) values (15,'BIKER JACKET 2','biker-jacket-2',530,'Straight fit, vinyl jacket with laminated effect. Features a classic collar and contrasting snap buttons for fastening','Straight fit, vinyl jacket with laminated effect. Features a classic collar and contrasting snap buttons for fastening',1,0,6,'2014-12-22 11:00:30','/img/products/image_150.jpg',36,530);
insert into products (id,name,alias,price,intro,description,status,rate_sum,category_id,date_created,image,views,current_price) values (16,'Fashion Suit 2','fashion-suit-2',120,'Straight fit, vinyl jacket with laminated effect. Features a classic collar and contrasting snap buttons for fastening','Straight fit, vinyl jacket with laminated effect. Features a classic collar and contrasting snap buttons for fastening',1,0,8,'2014-08-12 17:03:20','/img/products/image_160.jpg',332,120);
insert into products (id,name,alias,price,intro,description,status,rate_sum,category_id,date_created,image,views,current_price) values (17,'Fashion Shirt 2','fashion-shirt-2',890,'Straight fit, vinyl jacket with laminated effect. Features a classic collar and contrasting snap buttons for fastening','Straight fit, vinyl jacket with laminated effect. Features a classic collar and contrasting snap buttons for fastening',1,0,21,'2017-06-20 12:29:55','/img/products/image_170.jpg',100,890);
insert into products (id,name,alias,price,intro,description,status,rate_sum,category_id,date_created,image,views,current_price) values (18,'DRESS WITH RUFFLE 2','dress-with-ruffle-2',110,'Straight fit, vinyl jacket with laminated effect. Features a classic collar and contrasting snap buttons for fastening','Straight fit, vinyl jacket with laminated effect. Features a classic collar and contrasting snap buttons for fastening',1,0,22,'2014-08-10 01:21:14','/img/products/image_180.jpg',334,110);
insert into products (id,name,alias,price,intro,description,status,rate_sum,category_id,date_created,image,views,current_price) values (19,'ハイネックセーター','',240,'ハイネックセーター、長袖.モデル身長: 189 cm、サイズ','ハイネックセーター、長袖.モデル身長: 189 cm、サイズ',1,0,7,'2014-12-25 16:49:31','/img/products/image_190.jpg',111,240);
insert into products (id,name,alias,price,intro,description,status,rate_sum,category_id,date_created,image,views,current_price) values (20,'ラバー加工入り長袖ワンピース','',380,'ハイネック長袖ワンピース、ラバー加工入り生地、コントラストのデザイン','ハイネック長袖ワンピース、ラバー加工入り生地、コントラストのデザイン',1,0,24,'2016-11-13 08:43:27','/img/products/image_200.jpg',231,380);
insert into products (id,name,alias,price,intro,description,status,rate_sum,category_id,date_created,image,views,current_price) values (21,'レザーライダースジャケット','',830,'ラペル付き長袖レザーライダースジャケット。肩にストラップ、ジッパー付きカフス。フロントジッパーポケット。メタルバックル付きベルト。フロントダブルジッパークロージング。モデル身長: 179 cm','ラペル付き長袖レザーライダースジャケット。肩にストラップ、ジッパー付きカフス。フロントジッパーポケット。メタルバックル付きベルト。フロントダブルジッパークロージング。モデル身長: 179 cm',1,0,17,'2015-10-24 17:48:07','/img/products/image_210.jpg',422,830);
insert into products (id,name,alias,price,intro,description,status,rate_sum,category_id,date_created,image,views,current_price) values (22,'スリット＆リボン付きスウェットシャツ','',320,'ラウンドネックスウェットシャツ、長袖、裾にスリット＆リボン付き','ラウンドネックスウェットシャツ、長袖、裾にスリット＆リボン付き',1,0,18,'2016-03-09 11:21:07','/img/products/image_220.jpg',533,320);
insert into products (id,name,alias,price,intro,description,status,rate_sum,category_id,date_created,image,views,current_price) values (23,'レースライン入りチェック柄キュロット','',450,'コントラストレースのサイドライン入りキュロット、フロントジップ＆メタルホッククロージングモデル身長: 178 cm','コントラストレースのサイドライン入りキュロット、フロントジップ＆メタルホッククロージングモデル身長: 178 cm',1,0,21,'2016-12-12 04:04:16','/img/products/image_230.jpg',144,450);
insert into products (id,name,alias,price,intro,description,status,rate_sum,category_id,date_created,image,views,current_price) values (24,'コンビギンガムチェック柄チュニック','',110,'ルーズフィットAラインチュニック、ラペル付き、長袖、ロールアップスリーブ仕様、シームにサイドポケット付き、バックにコントラストのソリッドカラー生地、布ベルト付き、フロントボタンクロージングモデル身長: 178 cm.','ルーズフィットAラインチュニック、ラペル付き、長袖、ロールアップスリーブ仕様、シームにサイドポケット付き、バックにコントラストのソリッドカラー生地、布ベルト付き、フロントボタンクロージングモデル身長: 178 cm.',1,0,22,'2016-11-30 10:25:22','/img/products/image_240.jpg',555,110);
insert into products (id,name,alias,price,intro,description,status,rate_sum,category_id,date_created,image,views,current_price) values (25,'コンビスリーブTシャツ','t',420,'ラウンドネックTシャツ、長袖、 袖口にコントラストのポプリン地とボタン付き.モデル身長: 178 cm','ラウンドネックTシャツ、長袖、 袖口にコントラストのポプリン地とボタン付き.モデル身長: 178 cm',1,0,16,'2014-10-15 15:40:23','/img/products/image_250.jpg',624,420);
insert into products (id,name,alias,price,intro,description,status,rate_sum,category_id,date_created,image,views,current_price) values (26,'ダブルフリルトリム付きミニスカート','',140,'スケータースタイルニット地ミニスカート、ダブルフリルトリム付き.モデル身長: 178 cm','スケータースタイルニット地ミニスカート、ダブルフリルトリム付き.モデル身長: 178 cm',1,0,17,'2017-02-16 10:27:26','/img/products/image_260.jpg',712,140);
insert into product_color_images(id,product_id,color_id,date_created) values (1,1,1,'2016-07-21 21:41:31');
insert into images(id,image,status,type,product_color_image_id,date_created) values (1,'/img/products/image_10.jpg',1,1,1,'2016-07-21 21:41:31');
insert into images(id,image,status,type,product_color_image_id,date_created) values (2,'/img/products/image_10_1.jpg',1,2,1,'2016-07-21 21:41:31');
insert into images(id,image,status,type,product_color_image_id,date_created) values (3,'/img/products/image_10_2.jpg',1,2,1,'2016-07-21 21:41:31');
insert into product_masters(id,product_id,color_id,size_id) values (1,1,1,1);
insert into product_masters(id,product_id,color_id,size_id) values (2,1,1,2);
insert into product_masters(id,product_id,color_id,size_id) values (3,1,1,3);
insert into product_masters(id,product_id,color_id,size_id) values (4,1,1,4);
insert into product_masters(id,product_id,color_id,size_id) values (5,1,1,5);
insert into product_color_images(id,product_id,color_id,date_created) values (2,2,2,'2016-10-04 22:43:14');
insert into images(id,image,status,type,product_color_image_id,date_created) values (4,'/img/products/image_20.jpg',1,1,2,'2016-10-04 22:43:14');
insert into images(id,image,status,type,product_color_image_id,date_created) values (5,'/img/products/image_20_1.jpg',1,2,2,'2016-10-04 22:43:14');
insert into images(id,image,status,type,product_color_image_id,date_created) values (6,'/img/products/image_20_2.jpg',1,2,2,'2016-10-04 22:43:14');
insert into product_masters(id,product_id,color_id,size_id) values (6,2,2,1);
insert into product_masters(id,product_id,color_id,size_id) values (7,2,2,2);
insert into product_masters(id,product_id,color_id,size_id) values (8,2,2,3);
insert into product_masters(id,product_id,color_id,size_id) values (9,2,2,4);
insert into product_masters(id,product_id,color_id,size_id) values (10,2,2,5);
insert into product_color_images(id,product_id,color_id,date_created) values (3,3,1,'2016-04-30 04:25:56');
insert into images(id,image,status,type,product_color_image_id,date_created) values (7,'/img/products/image_30.jpg',1,1,3,'2016-04-30 04:25:56');
insert into images(id,image,status,type,product_color_image_id,date_created) values (8,'/img/products/image_30_1.jpg',1,2,3,'2016-04-30 04:25:56');
insert into images(id,image,status,type,product_color_image_id,date_created) values (9,'/img/products/image_30_2.jpg',1,2,3,'2016-04-30 04:25:56');
insert into product_masters(id,product_id,color_id,size_id) values (11,3,1,1);
insert into product_masters(id,product_id,color_id,size_id) values (12,3,1,2);
insert into product_masters(id,product_id,color_id,size_id) values (13,3,1,3);
insert into product_masters(id,product_id,color_id,size_id) values (14,3,1,4);
insert into product_masters(id,product_id,color_id,size_id) values (15,3,1,5);
insert into product_color_images(id,product_id,color_id,date_created) values (4,3,9,'2017-05-03 19:56:17');
insert into images(id,image,status,type,product_color_image_id,date_created) values (10,'/img/products/image_31.jpg',1,1,4,'2017-05-03 19:56:17');
insert into images(id,image,status,type,product_color_image_id,date_created) values (11,'/img/products/image_31_1.jpg',1,2,4,'2017-05-03 19:56:17');
insert into images(id,image,status,type,product_color_image_id,date_created) values (12,'/img/products/image_31_2.jpg',1,2,4,'2017-05-03 19:56:17');
insert into product_masters(id,product_id,color_id,size_id) values (16,3,9,1);
insert into product_masters(id,product_id,color_id,size_id) values (17,3,9,2);
insert into product_masters(id,product_id,color_id,size_id) values (18,3,9,3);
insert into product_masters(id,product_id,color_id,size_id) values (19,3,9,4);
insert into product_masters(id,product_id,color_id,size_id) values (20,3,9,5);
insert into product_color_images(id,product_id,color_id,date_created) values (5,4,1,'2016-10-24 00:55:59');
insert into images(id,image,status,type,product_color_image_id,date_created) values (13,'/img/products/image_40.jpg',1,1,5,'2016-10-24 00:55:59');
insert into images(id,image,status,type,product_color_image_id,date_created) values (14,'/img/products/image_40_1.jpg',1,2,5,'2016-10-24 00:55:59');
insert into images(id,image,status,type,product_color_image_id,date_created) values (15,'/img/products/image_40_2.jpg',1,2,5,'2016-10-24 00:55:59');
insert into product_masters(id,product_id,color_id,size_id) values (21,4,1,1);
insert into product_masters(id,product_id,color_id,size_id) values (22,4,1,2);
insert into product_masters(id,product_id,color_id,size_id) values (23,4,1,3);
insert into product_masters(id,product_id,color_id,size_id) values (24,4,1,4);
insert into product_masters(id,product_id,color_id,size_id) values (25,4,1,5);
insert into product_color_images(id,product_id,color_id,date_created) values (6,4,2,'2016-02-21 15:13:46');
insert into images(id,image,status,type,product_color_image_id,date_created) values (16,'/img/products/image_41.jpg',1,1,6,'2016-02-21 15:13:46');
insert into images(id,image,status,type,product_color_image_id,date_created) values (17,'/img/products/image_41_1.jpg',1,2,6,'2016-02-21 15:13:46');
insert into images(id,image,status,type,product_color_image_id,date_created) values (18,'/img/products/image_41_2.jpg',1,2,6,'2016-02-21 15:13:46');
insert into product_masters(id,product_id,color_id,size_id) values (26,4,2,1);
insert into product_masters(id,product_id,color_id,size_id) values (27,4,2,2);
insert into product_masters(id,product_id,color_id,size_id) values (28,4,2,3);
insert into product_masters(id,product_id,color_id,size_id) values (29,4,2,4);
insert into product_masters(id,product_id,color_id,size_id) values (30,4,2,5);
insert into product_color_images(id,product_id,color_id,date_created) values (7,4,9,'2017-06-06 13:56:48');
insert into images(id,image,status,type,product_color_image_id,date_created) values (19,'/img/products/image_42.jpg',1,1,7,'2017-06-06 13:56:48');
insert into images(id,image,status,type,product_color_image_id,date_created) values (20,'/img/products/image_42_1.jpg',1,2,7,'2017-06-06 13:56:48');
insert into images(id,image,status,type,product_color_image_id,date_created) values (21,'/img/products/image_42_2.jpg',1,2,7,'2017-06-06 13:56:48');
insert into product_masters(id,product_id,color_id,size_id) values (31,4,9,1);
insert into product_masters(id,product_id,color_id,size_id) values (32,4,9,2);
insert into product_masters(id,product_id,color_id,size_id) values (33,4,9,3);
insert into product_masters(id,product_id,color_id,size_id) values (34,4,9,4);
insert into product_masters(id,product_id,color_id,size_id) values (35,4,9,5);
insert into product_color_images(id,product_id,color_id,date_created) values (8,5,1,'2017-01-07 00:38:44');
insert into images(id,image,status,type,product_color_image_id,date_created) values (22,'/img/products/image_50.jpg',1,1,8,'2017-01-07 00:38:44');
insert into images(id,image,status,type,product_color_image_id,date_created) values (23,'/img/products/image_50_1.jpg',1,2,8,'2017-01-07 00:38:44');
insert into images(id,image,status,type,product_color_image_id,date_created) values (24,'/img/products/image_50_2.jpg',1,2,8,'2017-01-07 00:38:44');
insert into product_masters(id,product_id,color_id,size_id) values (36,5,1,1);
insert into product_masters(id,product_id,color_id,size_id) values (37,5,1,2);
insert into product_masters(id,product_id,color_id,size_id) values (38,5,1,3);
insert into product_masters(id,product_id,color_id,size_id) values (39,5,1,4);
insert into product_masters(id,product_id,color_id,size_id) values (40,5,1,5);
insert into product_color_images(id,product_id,color_id,date_created) values (9,5,4,'2017-08-04 13:29:36');
insert into images(id,image,status,type,product_color_image_id,date_created) values (25,'/img/products/image_51.jpg',1,1,9,'2017-08-04 13:29:36');
insert into images(id,image,status,type,product_color_image_id,date_created) values (26,'/img/products/image_51_1.jpg',1,2,9,'2017-08-04 13:29:36');
insert into images(id,image,status,type,product_color_image_id,date_created) values (27,'/img/products/image_51_2.jpg',1,2,9,'2017-08-04 13:29:36');
insert into product_masters(id,product_id,color_id,size_id) values (41,5,4,1);
insert into product_masters(id,product_id,color_id,size_id) values (42,5,4,2);
insert into product_masters(id,product_id,color_id,size_id) values (43,5,4,3);
insert into product_masters(id,product_id,color_id,size_id) values (44,5,4,4);
insert into product_masters(id,product_id,color_id,size_id) values (45,5,4,5);
insert into product_color_images(id,product_id,color_id,date_created) values (10,6,9,'2017-04-11 07:06:04');
insert into images(id,image,status,type,product_color_image_id,date_created) values (28,'/img/products/image_60.jpg',1,1,10,'2017-04-11 07:06:04');
insert into images(id,image,status,type,product_color_image_id,date_created) values (29,'/img/products/image_60_1.jpg',1,2,10,'2017-04-11 07:06:04');
insert into images(id,image,status,type,product_color_image_id,date_created) values (30,'/img/products/image_60_2.jpg',1,2,10,'2017-04-11 07:06:04');
insert into product_masters(id,product_id,color_id,size_id) values (46,6,9,1);
insert into product_masters(id,product_id,color_id,size_id) values (47,6,9,2);
insert into product_masters(id,product_id,color_id,size_id) values (48,6,9,3);
insert into product_masters(id,product_id,color_id,size_id) values (49,6,9,4);
insert into product_masters(id,product_id,color_id,size_id) values (50,6,9,5);
insert into product_color_images(id,product_id,color_id,date_created) values (11,6,3,'2016-12-08 23:40:08');
insert into images(id,image,status,type,product_color_image_id,date_created) values (31,'/img/products/image_61.jpg',1,1,11,'2016-12-08 23:40:08');
insert into images(id,image,status,type,product_color_image_id,date_created) values (32,'/img/products/image_61_1.jpg',1,2,11,'2016-12-08 23:40:08');
insert into images(id,image,status,type,product_color_image_id,date_created) values (33,'/img/products/image_61_2.jpg',1,2,11,'2016-12-08 23:40:08');
insert into product_masters(id,product_id,color_id,size_id) values (51,6,3,1);
insert into product_masters(id,product_id,color_id,size_id) values (52,6,3,2);
insert into product_masters(id,product_id,color_id,size_id) values (53,6,3,3);
insert into product_masters(id,product_id,color_id,size_id) values (54,6,3,4);
insert into product_masters(id,product_id,color_id,size_id) values (55,6,3,5);
insert into product_color_images(id,product_id,color_id,date_created) values (12,7,1,'2017-01-28 10:36:39');
insert into images(id,image,status,type,product_color_image_id,date_created) values (34,'/img/products/image_70.jpg',1,1,12,'2017-01-28 10:36:39');
insert into images(id,image,status,type,product_color_image_id,date_created) values (35,'/img/products/image_70_1.jpg',1,2,12,'2017-01-28 10:36:39');
insert into images(id,image,status,type,product_color_image_id,date_created) values (36,'/img/products/image_70_2.jpg',1,2,12,'2017-01-28 10:36:39');
insert into product_masters(id,product_id,color_id,size_id) values (56,7,1,1);
insert into product_masters(id,product_id,color_id,size_id) values (57,7,1,2);
insert into product_masters(id,product_id,color_id,size_id) values (58,7,1,3);
insert into product_masters(id,product_id,color_id,size_id) values (59,7,1,4);
insert into product_masters(id,product_id,color_id,size_id) values (60,7,1,5);
insert into product_color_images(id,product_id,color_id,date_created) values (13,8,2,'2016-03-28 23:37:18');
insert into images(id,image,status,type,product_color_image_id,date_created) values (37,'/img/products/image_80.jpg',1,1,13,'2016-03-28 23:37:18');
insert into images(id,image,status,type,product_color_image_id,date_created) values (38,'/img/products/image_80_1.jpg',1,2,13,'2016-03-28 23:37:18');
insert into images(id,image,status,type,product_color_image_id,date_created) values (39,'/img/products/image_80_2.jpg',1,2,13,'2016-03-28 23:37:18');
insert into product_masters(id,product_id,color_id,size_id) values (61,8,2,1);
insert into product_masters(id,product_id,color_id,size_id) values (62,8,2,2);
insert into product_masters(id,product_id,color_id,size_id) values (63,8,2,3);
insert into product_masters(id,product_id,color_id,size_id) values (64,8,2,4);
insert into product_masters(id,product_id,color_id,size_id) values (65,8,2,5);
insert into product_color_images(id,product_id,color_id,date_created) values (14,9,1,'2017-01-25 14:59:52');
insert into images(id,image,status,type,product_color_image_id,date_created) values (40,'/img/products/image_90.jpg',1,1,14,'2017-01-25 14:59:52');
insert into images(id,image,status,type,product_color_image_id,date_created) values (41,'/img/products/image_90_1.jpg',1,2,14,'2017-01-25 14:59:52');
insert into images(id,image,status,type,product_color_image_id,date_created) values (42,'/img/products/image_90_2.jpg',1,2,14,'2017-01-25 14:59:52');
insert into product_masters(id,product_id,color_id,size_id) values (66,9,1,1);
insert into product_masters(id,product_id,color_id,size_id) values (67,9,1,2);
insert into product_masters(id,product_id,color_id,size_id) values (68,9,1,3);
insert into product_masters(id,product_id,color_id,size_id) values (69,9,1,4);
insert into product_masters(id,product_id,color_id,size_id) values (70,9,1,5);
insert into product_color_images(id,product_id,color_id,date_created) values (15,9,9,'2017-08-04 13:03:17');
insert into images(id,image,status,type,product_color_image_id,date_created) values (43,'/img/products/image_91.jpg',1,1,15,'2017-08-04 13:03:17');
insert into images(id,image,status,type,product_color_image_id,date_created) values (44,'/img/products/image_91_1.jpg',1,2,15,'2017-08-04 13:03:17');
insert into images(id,image,status,type,product_color_image_id,date_created) values (45,'/img/products/image_91_2.jpg',1,2,15,'2017-08-04 13:03:17');
insert into product_masters(id,product_id,color_id,size_id) values (71,9,9,1);
insert into product_masters(id,product_id,color_id,size_id) values (72,9,9,2);
insert into product_masters(id,product_id,color_id,size_id) values (73,9,9,3);
insert into product_masters(id,product_id,color_id,size_id) values (74,9,9,4);
insert into product_masters(id,product_id,color_id,size_id) values (75,9,9,5);
insert into product_color_images(id,product_id,color_id,date_created) values (16,10,1,'2016-10-05 01:25:53');
insert into images(id,image,status,type,product_color_image_id,date_created) values (46,'/img/products/image_100.jpg',1,1,16,'2016-10-05 01:25:53');
insert into images(id,image,status,type,product_color_image_id,date_created) values (47,'/img/products/image_100_1.jpg',1,2,16,'2016-10-05 01:25:53');
insert into images(id,image,status,type,product_color_image_id,date_created) values (48,'/img/products/image_100_2.jpg',1,2,16,'2016-10-05 01:25:53');
insert into product_masters(id,product_id,color_id,size_id) values (76,10,1,1);
insert into product_masters(id,product_id,color_id,size_id) values (77,10,1,2);
insert into product_masters(id,product_id,color_id,size_id) values (78,10,1,3);
insert into product_masters(id,product_id,color_id,size_id) values (79,10,1,4);
insert into product_masters(id,product_id,color_id,size_id) values (80,10,1,5);
insert into product_color_images(id,product_id,color_id,date_created) values (17,10,2,'2017-06-22 07:48:13');
insert into images(id,image,status,type,product_color_image_id,date_created) values (49,'/img/products/image_101.jpg',1,1,17,'2017-06-22 07:48:13');
insert into images(id,image,status,type,product_color_image_id,date_created) values (50,'/img/products/image_101_1.jpg',1,2,17,'2017-06-22 07:48:13');
insert into images(id,image,status,type,product_color_image_id,date_created) values (51,'/img/products/image_101_2.jpg',1,2,17,'2017-06-22 07:48:13');
insert into product_masters(id,product_id,color_id,size_id) values (81,10,2,1);
insert into product_masters(id,product_id,color_id,size_id) values (82,10,2,2);
insert into product_masters(id,product_id,color_id,size_id) values (83,10,2,3);
insert into product_masters(id,product_id,color_id,size_id) values (84,10,2,4);
insert into product_masters(id,product_id,color_id,size_id) values (85,10,2,5);
insert into product_color_images(id,product_id,color_id,date_created) values (18,10,9,'2016-12-25 14:20:15');
insert into images(id,image,status,type,product_color_image_id,date_created) values (52,'/img/products/image_102.jpg',1,1,18,'2016-12-25 14:20:15');
insert into images(id,image,status,type,product_color_image_id,date_created) values (53,'/img/products/image_102_1.jpg',1,2,18,'2016-12-25 14:20:15');
insert into images(id,image,status,type,product_color_image_id,date_created) values (54,'/img/products/image_102_2.jpg',1,2,18,'2016-12-25 14:20:15');
insert into product_masters(id,product_id,color_id,size_id) values (86,10,9,1);
insert into product_masters(id,product_id,color_id,size_id) values (87,10,9,2);
insert into product_masters(id,product_id,color_id,size_id) values (88,10,9,3);
insert into product_masters(id,product_id,color_id,size_id) values (89,10,9,4);
insert into product_masters(id,product_id,color_id,size_id) values (90,10,9,5);
insert into product_color_images(id,product_id,color_id,date_created) values (19,11,1,'2016-11-04 01:07:11');
insert into images(id,image,status,type,product_color_image_id,date_created) values (55,'/img/products/image_110.jpg',1,1,19,'2016-11-04 01:07:11');
insert into images(id,image,status,type,product_color_image_id,date_created) values (56,'/img/products/image_110_1.jpg',1,2,19,'2016-11-04 01:07:11');
insert into images(id,image,status,type,product_color_image_id,date_created) values (57,'/img/products/image_110_2.jpg',1,2,19,'2016-11-04 01:07:11');
insert into product_masters(id,product_id,color_id,size_id) values (91,11,1,1);
insert into product_masters(id,product_id,color_id,size_id) values (92,11,1,2);
insert into product_masters(id,product_id,color_id,size_id) values (93,11,1,3);
insert into product_masters(id,product_id,color_id,size_id) values (94,11,1,4);
insert into product_masters(id,product_id,color_id,size_id) values (95,11,1,5);
insert into product_color_images(id,product_id,color_id,date_created) values (20,11,4,'2016-02-28 22:57:46');
insert into images(id,image,status,type,product_color_image_id,date_created) values (58,'/img/products/image_111.jpg',1,1,20,'2016-02-28 22:57:46');
insert into images(id,image,status,type,product_color_image_id,date_created) values (59,'/img/products/image_111_1.jpg',1,2,20,'2016-02-28 22:57:46');
insert into images(id,image,status,type,product_color_image_id,date_created) values (60,'/img/products/image_111_2.jpg',1,2,20,'2016-02-28 22:57:46');
insert into product_masters(id,product_id,color_id,size_id) values (96,11,4,1);
insert into product_masters(id,product_id,color_id,size_id) values (97,11,4,2);
insert into product_masters(id,product_id,color_id,size_id) values (98,11,4,3);
insert into product_masters(id,product_id,color_id,size_id) values (99,11,4,4);
insert into product_masters(id,product_id,color_id,size_id) values (100,11,4,5);
insert into product_color_images(id,product_id,color_id,date_created) values (21,12,9,'2017-01-28 01:24:34');
insert into images(id,image,status,type,product_color_image_id,date_created) values (61,'/img/products/image_120.jpg',1,1,21,'2017-01-28 01:24:34');
insert into images(id,image,status,type,product_color_image_id,date_created) values (62,'/img/products/image_120_1.jpg',1,2,21,'2017-01-28 01:24:34');
insert into images(id,image,status,type,product_color_image_id,date_created) values (63,'/img/products/image_120_2.jpg',1,2,21,'2017-01-28 01:24:34');
insert into product_masters(id,product_id,color_id,size_id) values (101,12,9,1);
insert into product_masters(id,product_id,color_id,size_id) values (102,12,9,2);
insert into product_masters(id,product_id,color_id,size_id) values (103,12,9,3);
insert into product_masters(id,product_id,color_id,size_id) values (104,12,9,4);
insert into product_masters(id,product_id,color_id,size_id) values (105,12,9,5);
insert into product_color_images(id,product_id,color_id,date_created) values (22,12,3,'2016-10-11 05:01:27');
insert into images(id,image,status,type,product_color_image_id,date_created) values (64,'/img/products/image_121.jpg',1,1,22,'2016-10-11 05:01:27');
insert into images(id,image,status,type,product_color_image_id,date_created) values (65,'/img/products/image_121_1.jpg',1,2,22,'2016-10-11 05:01:27');
insert into images(id,image,status,type,product_color_image_id,date_created) values (66,'/img/products/image_121_2.jpg',1,2,22,'2016-10-11 05:01:27');
insert into product_masters(id,product_id,color_id,size_id) values (106,12,3,1);
insert into product_masters(id,product_id,color_id,size_id) values (107,12,3,2);
insert into product_masters(id,product_id,color_id,size_id) values (108,12,3,3);
insert into product_masters(id,product_id,color_id,size_id) values (109,12,3,4);
insert into product_masters(id,product_id,color_id,size_id) values (110,12,3,5);
insert into product_color_images(id,product_id,color_id,date_created) values (23,13,1,'2016-04-01 02:11:03');
insert into images(id,image,status,type,product_color_image_id,date_created) values (67,'/img/products/image_130.jpg',1,1,23,'2016-04-01 02:11:03');
insert into images(id,image,status,type,product_color_image_id,date_created) values (68,'/img/products/image_130_1.jpg',1,2,23,'2016-04-01 02:11:03');
insert into images(id,image,status,type,product_color_image_id,date_created) values (69,'/img/products/image_130_2.jpg',1,2,23,'2016-04-01 02:11:03');
insert into product_masters(id,product_id,color_id,size_id) values (111,13,1,1);
insert into product_masters(id,product_id,color_id,size_id) values (112,13,1,2);
insert into product_masters(id,product_id,color_id,size_id) values (113,13,1,3);
insert into product_masters(id,product_id,color_id,size_id) values (114,13,1,4);
insert into product_masters(id,product_id,color_id,size_id) values (115,13,1,5);
insert into product_color_images(id,product_id,color_id,date_created) values (24,14,2,'2017-05-09 00:21:59');
insert into images(id,image,status,type,product_color_image_id,date_created) values (70,'/img/products/image_140.jpg',1,1,24,'2017-05-09 00:21:59');
insert into images(id,image,status,type,product_color_image_id,date_created) values (71,'/img/products/image_140_1.jpg',1,2,24,'2017-05-09 00:21:59');
insert into images(id,image,status,type,product_color_image_id,date_created) values (72,'/img/products/image_140_2.jpg',1,2,24,'2017-05-09 00:21:59');
insert into product_masters(id,product_id,color_id,size_id) values (116,14,2,1);
insert into product_masters(id,product_id,color_id,size_id) values (117,14,2,2);
insert into product_masters(id,product_id,color_id,size_id) values (118,14,2,3);
insert into product_masters(id,product_id,color_id,size_id) values (119,14,2,4);
insert into product_masters(id,product_id,color_id,size_id) values (120,14,2,5);
insert into product_color_images(id,product_id,color_id,date_created) values (25,15,1,'2016-05-30 19:02:30');
insert into images(id,image,status,type,product_color_image_id,date_created) values (73,'/img/products/image_150.jpg',1,1,25,'2016-05-30 19:02:30');
insert into images(id,image,status,type,product_color_image_id,date_created) values (74,'/img/products/image_150_1.jpg',1,2,25,'2016-05-30 19:02:30');
insert into images(id,image,status,type,product_color_image_id,date_created) values (75,'/img/products/image_150_2.jpg',1,2,25,'2016-05-30 19:02:30');
insert into product_masters(id,product_id,color_id,size_id) values (121,15,1,1);
insert into product_masters(id,product_id,color_id,size_id) values (122,15,1,2);
insert into product_masters(id,product_id,color_id,size_id) values (123,15,1,3);
insert into product_masters(id,product_id,color_id,size_id) values (124,15,1,4);
insert into product_masters(id,product_id,color_id,size_id) values (125,15,1,5);
insert into product_color_images(id,product_id,color_id,date_created) values (26,15,9,'2016-12-09 13:37:47');
insert into images(id,image,status,type,product_color_image_id,date_created) values (76,'/img/products/image_151.jpg',1,1,26,'2016-12-09 13:37:47');
insert into images(id,image,status,type,product_color_image_id,date_created) values (77,'/img/products/image_151_1.jpg',1,2,26,'2016-12-09 13:37:47');
insert into images(id,image,status,type,product_color_image_id,date_created) values (78,'/img/products/image_151_2.jpg',1,2,26,'2016-12-09 13:37:47');
insert into product_masters(id,product_id,color_id,size_id) values (126,15,9,1);
insert into product_masters(id,product_id,color_id,size_id) values (127,15,9,2);
insert into product_masters(id,product_id,color_id,size_id) values (128,15,9,3);
insert into product_masters(id,product_id,color_id,size_id) values (129,15,9,4);
insert into product_masters(id,product_id,color_id,size_id) values (130,15,9,5);
insert into product_color_images(id,product_id,color_id,date_created) values (27,16,1,'2016-08-24 03:41:52');
insert into images(id,image,status,type,product_color_image_id,date_created) values (79,'/img/products/image_160.jpg',1,1,27,'2016-08-24 03:41:52');
insert into images(id,image,status,type,product_color_image_id,date_created) values (80,'/img/products/image_160_1.jpg',1,2,27,'2016-08-24 03:41:52');
insert into images(id,image,status,type,product_color_image_id,date_created) values (81,'/img/products/image_160_2.jpg',1,2,27,'2016-08-24 03:41:52');
insert into product_masters(id,product_id,color_id,size_id) values (131,16,1,1);
insert into product_masters(id,product_id,color_id,size_id) values (132,16,1,2);
insert into product_masters(id,product_id,color_id,size_id) values (133,16,1,3);
insert into product_masters(id,product_id,color_id,size_id) values (134,16,1,4);
insert into product_masters(id,product_id,color_id,size_id) values (135,16,1,5);
insert into product_color_images(id,product_id,color_id,date_created) values (28,16,2,'2016-02-01 18:43:57');
insert into images(id,image,status,type,product_color_image_id,date_created) values (82,'/img/products/image_161.jpg',1,1,28,'2016-02-01 18:43:57');
insert into images(id,image,status,type,product_color_image_id,date_created) values (83,'/img/products/image_161_1.jpg',1,2,28,'2016-02-01 18:43:57');
insert into images(id,image,status,type,product_color_image_id,date_created) values (84,'/img/products/image_161_2.jpg',1,2,28,'2016-02-01 18:43:57');
insert into product_masters(id,product_id,color_id,size_id) values (136,16,2,1);
insert into product_masters(id,product_id,color_id,size_id) values (137,16,2,2);
insert into product_masters(id,product_id,color_id,size_id) values (138,16,2,3);
insert into product_masters(id,product_id,color_id,size_id) values (139,16,2,4);
insert into product_masters(id,product_id,color_id,size_id) values (140,16,2,5);
insert into product_color_images(id,product_id,color_id,date_created) values (29,16,9,'2016-08-06 16:29:47');
insert into images(id,image,status,type,product_color_image_id,date_created) values (85,'/img/products/image_162.jpg',1,1,29,'2016-08-06 16:29:47');
insert into images(id,image,status,type,product_color_image_id,date_created) values (86,'/img/products/image_162_1.jpg',1,2,29,'2016-08-06 16:29:47');
insert into images(id,image,status,type,product_color_image_id,date_created) values (87,'/img/products/image_162_2.jpg',1,2,29,'2016-08-06 16:29:47');
insert into product_masters(id,product_id,color_id,size_id) values (141,16,9,1);
insert into product_masters(id,product_id,color_id,size_id) values (142,16,9,2);
insert into product_masters(id,product_id,color_id,size_id) values (143,16,9,3);
insert into product_masters(id,product_id,color_id,size_id) values (144,16,9,4);
insert into product_masters(id,product_id,color_id,size_id) values (145,16,9,5);
insert into product_color_images(id,product_id,color_id,date_created) values (30,17,1,'2016-10-28 14:04:43');
insert into images(id,image,status,type,product_color_image_id,date_created) values (88,'/img/products/image_170.jpg',1,1,30,'2016-10-28 14:04:43');
insert into images(id,image,status,type,product_color_image_id,date_created) values (89,'/img/products/image_170_1.jpg',1,2,30,'2016-10-28 14:04:43');
insert into images(id,image,status,type,product_color_image_id,date_created) values (90,'/img/products/image_170_2.jpg',1,2,30,'2016-10-28 14:04:43');
insert into product_masters(id,product_id,color_id,size_id) values (146,17,1,1);
insert into product_masters(id,product_id,color_id,size_id) values (147,17,1,2);
insert into product_masters(id,product_id,color_id,size_id) values (148,17,1,3);
insert into product_masters(id,product_id,color_id,size_id) values (149,17,1,4);
insert into product_masters(id,product_id,color_id,size_id) values (150,17,1,5);
insert into product_color_images(id,product_id,color_id,date_created) values (31,17,4,'2017-06-08 14:30:20');
insert into images(id,image,status,type,product_color_image_id,date_created) values (91,'/img/products/image_171.jpg',1,1,31,'2017-06-08 14:30:20');
insert into images(id,image,status,type,product_color_image_id,date_created) values (92,'/img/products/image_171_1.jpg',1,2,31,'2017-06-08 14:30:20');
insert into images(id,image,status,type,product_color_image_id,date_created) values (93,'/img/products/image_171_2.jpg',1,2,31,'2017-06-08 14:30:20');
insert into product_masters(id,product_id,color_id,size_id) values (151,17,4,1);
insert into product_masters(id,product_id,color_id,size_id) values (152,17,4,2);
insert into product_masters(id,product_id,color_id,size_id) values (153,17,4,3);
insert into product_masters(id,product_id,color_id,size_id) values (154,17,4,4);
insert into product_masters(id,product_id,color_id,size_id) values (155,17,4,5);
insert into product_color_images(id,product_id,color_id,date_created) values (32,18,9,'2017-02-20 02:23:18');
insert into images(id,image,status,type,product_color_image_id,date_created) values (94,'/img/products/image_180.jpg',1,1,32,'2017-02-20 02:23:18');
insert into images(id,image,status,type,product_color_image_id,date_created) values (95,'/img/products/image_180_1.jpg',1,2,32,'2017-02-20 02:23:18');
insert into images(id,image,status,type,product_color_image_id,date_created) values (96,'/img/products/image_180_2.jpg',1,2,32,'2017-02-20 02:23:18');
insert into product_masters(id,product_id,color_id,size_id) values (156,18,9,1);
insert into product_masters(id,product_id,color_id,size_id) values (157,18,9,2);
insert into product_masters(id,product_id,color_id,size_id) values (158,18,9,3);
insert into product_masters(id,product_id,color_id,size_id) values (159,18,9,4);
insert into product_masters(id,product_id,color_id,size_id) values (160,18,9,5);
insert into product_color_images(id,product_id,color_id,date_created) values (33,18,3,'2017-07-28 00:59:57');
insert into images(id,image,status,type,product_color_image_id,date_created) values (97,'/img/products/image_181.jpg',1,1,33,'2017-07-28 00:59:57');
insert into images(id,image,status,type,product_color_image_id,date_created) values (98,'/img/products/image_181_1.jpg',1,2,33,'2017-07-28 00:59:57');
insert into images(id,image,status,type,product_color_image_id,date_created) values (99,'/img/products/image_181_2.jpg',1,2,33,'2017-07-28 00:59:57');
insert into product_masters(id,product_id,color_id,size_id) values (161,18,3,1);
insert into product_masters(id,product_id,color_id,size_id) values (162,18,3,2);
insert into product_masters(id,product_id,color_id,size_id) values (163,18,3,3);
insert into product_masters(id,product_id,color_id,size_id) values (164,18,3,4);
insert into product_masters(id,product_id,color_id,size_id) values (165,18,3,5);
insert into product_color_images(id,product_id,color_id,date_created) values (34,19,2,'2016-03-01 14:14:54');
insert into images(id,image,status,type,product_color_image_id,date_created) values (100,'/img/products/image_190.jpg',1,1,34,'2016-03-01 14:14:54');
insert into images(id,image,status,type,product_color_image_id,date_created) values (101,'/img/products/image_190_1.jpg',1,2,34,'2016-03-01 14:14:54');
insert into images(id,image,status,type,product_color_image_id,date_created) values (102,'/img/products/image_190_2.jpg',1,2,34,'2016-03-01 14:14:54');
insert into product_masters(id,product_id,color_id,size_id) values (166,19,2,1);
insert into product_masters(id,product_id,color_id,size_id) values (167,19,2,2);
insert into product_masters(id,product_id,color_id,size_id) values (168,19,2,3);
insert into product_masters(id,product_id,color_id,size_id) values (169,19,2,4);
insert into product_masters(id,product_id,color_id,size_id) values (170,19,2,5);
insert into product_color_images(id,product_id,color_id,date_created) values (35,20,2,'2016-11-16 17:38:14');
insert into images(id,image,status,type,product_color_image_id,date_created) values (103,'/img/products/image_200.jpg',1,1,35,'2016-11-16 17:38:14');
insert into images(id,image,status,type,product_color_image_id,date_created) values (104,'/img/products/image_200_1.jpg',1,2,35,'2016-11-16 17:38:14');
insert into images(id,image,status,type,product_color_image_id,date_created) values (105,'/img/products/image_200_2.jpg',1,2,35,'2016-11-16 17:38:14');
insert into product_masters(id,product_id,color_id,size_id) values (171,20,2,1);
insert into product_masters(id,product_id,color_id,size_id) values (172,20,2,2);
insert into product_masters(id,product_id,color_id,size_id) values (173,20,2,3);
insert into product_masters(id,product_id,color_id,size_id) values (174,20,2,4);
insert into product_masters(id,product_id,color_id,size_id) values (175,20,2,5);
insert into product_color_images(id,product_id,color_id,date_created) values (36,21,2,'2016-10-13 21:14:35');
insert into images(id,image,status,type,product_color_image_id,date_created) values (106,'/img/products/image_210.jpg',1,1,36,'2016-10-13 21:14:35');
insert into images(id,image,status,type,product_color_image_id,date_created) values (107,'/img/products/image_210_1.jpg',1,2,36,'2016-10-13 21:14:35');
insert into images(id,image,status,type,product_color_image_id,date_created) values (108,'/img/products/image_210_2.jpg',1,2,36,'2016-10-13 21:14:35');
insert into product_masters(id,product_id,color_id,size_id) values (176,21,2,1);
insert into product_masters(id,product_id,color_id,size_id) values (177,21,2,2);
insert into product_masters(id,product_id,color_id,size_id) values (178,21,2,3);
insert into product_masters(id,product_id,color_id,size_id) values (179,21,2,4);
insert into product_masters(id,product_id,color_id,size_id) values (180,21,2,5);
insert into product_color_images(id,product_id,color_id,date_created) values (37,22,4,'2016-04-16 17:40:39');
insert into images(id,image,status,type,product_color_image_id,date_created) values (109,'/img/products/image_220.jpg',1,1,37,'2016-04-16 17:40:39');
insert into images(id,image,status,type,product_color_image_id,date_created) values (110,'/img/products/image_220_1.jpg',1,2,37,'2016-04-16 17:40:39');
insert into images(id,image,status,type,product_color_image_id,date_created) values (111,'/img/products/image_220_2.jpg',1,2,37,'2016-04-16 17:40:39');
insert into product_masters(id,product_id,color_id,size_id) values (181,22,4,1);
insert into product_masters(id,product_id,color_id,size_id) values (182,22,4,2);
insert into product_masters(id,product_id,color_id,size_id) values (183,22,4,3);
insert into product_masters(id,product_id,color_id,size_id) values (184,22,4,4);
insert into product_masters(id,product_id,color_id,size_id) values (185,22,4,5);
insert into product_color_images(id,product_id,color_id,date_created) values (38,23,9,'2016-09-16 02:53:40');
insert into images(id,image,status,type,product_color_image_id,date_created) values (112,'/img/products/image_230.jpg',1,1,38,'2016-09-16 02:53:40');
insert into images(id,image,status,type,product_color_image_id,date_created) values (113,'/img/products/image_230_1.jpg',1,2,38,'2016-09-16 02:53:40');
insert into images(id,image,status,type,product_color_image_id,date_created) values (114,'/img/products/image_230_2.jpg',1,2,38,'2016-09-16 02:53:40');
insert into product_masters(id,product_id,color_id,size_id) values (186,23,9,1);
insert into product_masters(id,product_id,color_id,size_id) values (187,23,9,2);
insert into product_masters(id,product_id,color_id,size_id) values (188,23,9,3);
insert into product_masters(id,product_id,color_id,size_id) values (189,23,9,4);
insert into product_masters(id,product_id,color_id,size_id) values (190,23,9,5);
insert into product_color_images(id,product_id,color_id,date_created) values (39,24,9,'2016-03-15 17:11:57');
insert into images(id,image,status,type,product_color_image_id,date_created) values (115,'/img/products/image_240.jpg',1,1,39,'2016-03-15 17:11:57');
insert into images(id,image,status,type,product_color_image_id,date_created) values (116,'/img/products/image_240_1.jpg',1,2,39,'2016-03-15 17:11:57');
insert into images(id,image,status,type,product_color_image_id,date_created) values (117,'/img/products/image_240_2.jpg',1,2,39,'2016-03-15 17:11:57');
insert into product_masters(id,product_id,color_id,size_id) values (191,24,9,1);
insert into product_masters(id,product_id,color_id,size_id) values (192,24,9,2);
insert into product_masters(id,product_id,color_id,size_id) values (193,24,9,3);
insert into product_masters(id,product_id,color_id,size_id) values (194,24,9,4);
insert into product_masters(id,product_id,color_id,size_id) values (195,24,9,5);
insert into product_color_images(id,product_id,color_id,date_created) values (40,25,1,'2016-04-14 02:28:53');
insert into images(id,image,status,type,product_color_image_id,date_created) values (118,'/img/products/image_250.jpg',1,1,40,'2016-04-14 02:28:53');
insert into images(id,image,status,type,product_color_image_id,date_created) values (119,'/img/products/image_250_1.jpg',1,2,40,'2016-04-14 02:28:53');
insert into images(id,image,status,type,product_color_image_id,date_created) values (120,'/img/products/image_250_2.jpg',1,2,40,'2016-04-14 02:28:53');
insert into product_masters(id,product_id,color_id,size_id) values (196,25,1,1);
insert into product_masters(id,product_id,color_id,size_id) values (197,25,1,2);
insert into product_masters(id,product_id,color_id,size_id) values (198,25,1,3);
insert into product_masters(id,product_id,color_id,size_id) values (199,25,1,4);
insert into product_masters(id,product_id,color_id,size_id) values (200,25,1,5);
insert into product_color_images(id,product_id,color_id,date_created) values (41,26,8,'2016-05-21 05:18:23');
insert into images(id,image,status,type,product_color_image_id,date_created) values (121,'/img/products/image_260.jpg',1,1,41,'2016-05-21 05:18:23');
insert into images(id,image,status,type,product_color_image_id,date_created) values (122,'/img/products/image_260_1.jpg',1,2,41,'2016-05-21 05:18:23');
insert into images(id,image,status,type,product_color_image_id,date_created) values (123,'/img/products/image_260_2.jpg',1,2,41,'2016-05-21 05:18:23');
insert into product_masters(id,product_id,color_id,size_id) values (201,26,8,1);
insert into product_masters(id,product_id,color_id,size_id) values (202,26,8,2);
insert into product_masters(id,product_id,color_id,size_id) values (203,26,8,3);
insert into product_masters(id,product_id,color_id,size_id) values (204,26,8,4);
insert into product_masters(id,product_id,color_id,size_id) values (205,26,8,5);
insert into sale_programs(id,name,date_start,date_end,date_created,status) values (1,'山の日','2017-09-09','2017-10-09','2017-09-08',0);
insert into sales(id,product_id,sale_program_id,sale,date_created) values (1,11,1,10,'2017-09-15');
insert into sales(id,product_id,sale_program_id,sale,date_created) values (2,1,1,10,'2017-09-15');
insert into sales(id,product_id,sale_program_id,sale,date_created) values (3,4,1,10,'2017-09-15');
insert into sales(id,product_id,sale_program_id,sale,date_created) values (4,6,1,10,'2017-09-15');
insert into sales(id,product_id,sale_program_id,sale,date_created) values (5,7,1,10,'2017-09-15');
insert into sales(id,product_id,sale_program_id,sale,date_created) values (6,8,1,10,'2017-09-15');
insert into sale_programs(id,name,date_start,date_end,date_created,status) values (2,'水の日','2017-09-09','2017-10-09','2017-09-08',0);
insert into sales(id,product_id,sale_program_id,sale,date_created) values (7,15,2,20,'2017-09-15');
insert into sales(id,product_id,sale_program_id,sale,date_created) values (8,14,2,20,'2017-09-15');
insert into sales(id,product_id,sale_program_id,sale,date_created) values (9,10,2,20,'2017-09-15');
insert into sales(id,product_id,sale_program_id,sale,date_created) values (10,2,2,20,'2017-09-15');
insert into sales(id,product_id,sale_program_id,sale,date_created) values (11,7,2,20,'2017-09-15');
insert into sales(id,product_id,sale_program_id,sale,date_created) values (12,8,2,20,'2017-09-15');
insert into sale_programs(id,name,date_start,date_end,date_created,status) values (3,'敬老の日','2017-09-09','2017-10-09','2017-09-08',0);
insert into sales(id,product_id,sale_program_id,sale,date_created) values (13,16,3,25,'2017-09-15');
insert into sales(id,product_id,sale_program_id,sale,date_created) values (14,17,3,25,'2017-09-15');
insert into sales(id,product_id,sale_program_id,sale,date_created) values (15,11,3,25,'2017-09-15');
insert into sales(id,product_id,sale_program_id,sale,date_created) values (16,6,3,25,'2017-09-15');
insert into sales(id,product_id,sale_program_id,sale,date_created) values (17,7,3,25,'2017-09-15');
insert into sales(id,product_id,sale_program_id,sale,date_created) values (18,12,3,25,'2017-09-15');
insert into sale_programs(id,name,date_start,date_end,date_created,status) values (4,'緑の日','2017-09-09','2017-10-09','2017-09-08',0);
insert into sales(id,product_id,sale_program_id,sale,date_created) values (19,1,4,15,'2017-09-15');
insert into sales(id,product_id,sale_program_id,sale,date_created) values (20,8,4,15,'2017-09-15');
insert into sales(id,product_id,sale_program_id,sale,date_created) values (21,9,4,15,'2017-09-15');
insert into sales(id,product_id,sale_program_id,sale,date_created) values (22,6,4,15,'2017-09-15');
insert into sales(id,product_id,sale_program_id,sale,date_created) values (23,4,4,15,'2017-09-15');
insert into sales(id,product_id,sale_program_id,sale,date_created) values (24,3,4,15,'2017-09-15');
insert into sale_programs(id,name,date_start,date_end,date_created,status) values (5,'元日','2017-09-09','2017-10-09','2017-09-08',0);
insert into sales(id,product_id,sale_program_id,sale,date_created) values (25,16,5,50,'2017-09-15');
insert into sales(id,product_id,sale_program_id,sale,date_created) values (26,15,5,50,'2017-09-15');
insert into sales(id,product_id,sale_program_id,sale,date_created) values (27,14,5,50,'2017-09-15');
insert into sales(id,product_id,sale_program_id,sale,date_created) values (28,13,5,50,'2017-09-15');
insert into sales(id,product_id,sale_program_id,sale,date_created) values (29,12,5,50,'2017-09-15');
insert into sales(id,product_id,sale_program_id,sale,date_created) values (30,8,5,50,'2017-09-15');
insert into sale_programs(id,name,date_start,date_end,date_created,status) values (6,'体育の日','2017-09-09','2017-10-09','2017-09-08',0);
insert into sales(id,product_id,sale_program_id,sale,date_created) values (31,4,6,30,'2017-09-15');
insert into sales(id,product_id,sale_program_id,sale,date_created) values (32,5,6,30,'2017-09-15');
insert into sales(id,product_id,sale_program_id,sale,date_created) values (33,6,6,30,'2017-09-15');
insert into sales(id,product_id,sale_program_id,sale,date_created) values (34,7,6,30,'2017-09-15');
insert into sales(id,product_id,sale_program_id,sale,date_created) values (35,8,6,30,'2017-09-15');
insert into sales(id,product_id,sale_program_id,sale,date_created) values (36,11,6,30,'2017-09-15');
insert into sale_programs(id,name,date_start,date_end,date_created,status) values (7,'週末の日','2017-09-09','2017-10-09','2017-09-08',0);
insert into sales(id,product_id,sale_program_id,sale,date_created) values (37,3,7,35,'2017-09-15');
insert into sales(id,product_id,sale_program_id,sale,date_created) values (38,8,7,35,'2017-09-15');
insert into sale_programs(id,name,date_start,date_end,date_created,status) values (8,'新年','2017-09-09','2017-10-09','2017-09-08',0);
insert into sales(id,product_id,sale_program_id,sale,date_created) values (39,1,8,40,'2017-09-15');
insert into sales(id,product_id,sale_program_id,sale,date_created) values (40,4,8,40,'2017-09-15');
insert into sales(id,product_id,sale_program_id,sale,date_created) values (41,6,8,40,'2017-09-15');
insert into sales(id,product_id,sale_program_id,sale,date_created) values (42,12,8,40,'2017-09-15');
insert into sales(id,product_id,sale_program_id,sale,date_created) values (43,13,8,40,'2017-09-15');
insert into keywords(id,keyword,date_created) values (1,'man','2017-09-08');
insert into product_keywords(id,keyword_id,product_id) values (1,1,1);
insert into product_keywords(id,keyword_id,product_id) values (2,1,3);
insert into product_keywords(id,keyword_id,product_id) values (3,1,4);
insert into product_keywords(id,keyword_id,product_id) values (4,1,5);
insert into product_keywords(id,keyword_id,product_id) values (5,1,6);
insert into product_keywords(id,keyword_id,product_id) values (6,1,7);
insert into product_keywords(id,keyword_id,product_id) values (7,1,8);
insert into product_keywords(id,keyword_id,product_id) values (8,1,9);
insert into product_keywords(id,keyword_id,product_id) values (9,1,10);
insert into product_keywords(id,keyword_id,product_id) values (10,1,11);
insert into product_keywords(id,keyword_id,product_id) values (11,1,12);
insert into product_keywords(id,keyword_id,product_id) values (12,1,13);
insert into keywords(id,keyword,date_created) values (2,'woman','2017-09-08');
insert into product_keywords(id,keyword_id,product_id) values (13,2,14);
insert into product_keywords(id,keyword_id,product_id) values (14,2,15);
insert into product_keywords(id,keyword_id,product_id) values (15,2,16);
insert into product_keywords(id,keyword_id,product_id) values (16,2,17);
insert into product_keywords(id,keyword_id,product_id) values (17,2,18);
insert into product_keywords(id,keyword_id,product_id) values (18,2,19);
insert into product_keywords(id,keyword_id,product_id) values (19,2,20);
insert into product_keywords(id,keyword_id,product_id) values (20,2,21);
insert into product_keywords(id,keyword_id,product_id) values (21,2,22);
insert into product_keywords(id,keyword_id,product_id) values (22,2,23);
insert into product_keywords(id,keyword_id,product_id) values (23,2,24);
insert into product_keywords(id,keyword_id,product_id) values (24,2,25);
insert into product_keywords(id,keyword_id,product_id) values (25,2,26);
insert into keywords(id,keyword,date_created) values (3,'yasui','2017-09-08');
insert into product_keywords(id,keyword_id,product_id) values (26,3,1);
insert into product_keywords(id,keyword_id,product_id) values (27,3,3);
insert into product_keywords(id,keyword_id,product_id) values (28,3,4);
insert into product_keywords(id,keyword_id,product_id) values (29,3,5);
insert into product_keywords(id,keyword_id,product_id) values (30,3,6);
insert into product_keywords(id,keyword_id,product_id) values (31,3,7);
insert into product_keywords(id,keyword_id,product_id) values (32,3,8);
insert into product_keywords(id,keyword_id,product_id) values (33,3,9);
insert into product_keywords(id,keyword_id,product_id) values (34,3,14);
insert into product_keywords(id,keyword_id,product_id) values (35,3,15);
insert into product_keywords(id,keyword_id,product_id) values (36,3,16);
insert into product_keywords(id,keyword_id,product_id) values (37,3,17);
insert into product_keywords(id,keyword_id,product_id) values (38,3,18);
insert into product_keywords(id,keyword_id,product_id) values (39,3,19);
insert into product_keywords(id,keyword_id,product_id) values (40,3,20);
insert into product_keywords(id,keyword_id,product_id) values (41,3,21);
insert into product_keywords(id,keyword_id,product_id) values (42,3,22);
insert into product_keywords(id,keyword_id,product_id) values (43,3,23);
insert into product_keywords(id,keyword_id,product_id) values (44,3,24);
insert into product_keywords(id,keyword_id,product_id) values (45,3,25);
insert into product_keywords(id,keyword_id,product_id) values (46,3,26);
insert into keywords(id,keyword,date_created) values (4,'takai','2017-09-08');
insert into product_keywords(id,keyword_id,product_id) values (47,4,1);
insert into product_keywords(id,keyword_id,product_id) values (48,4,3);
insert into product_keywords(id,keyword_id,product_id) values (49,4,4);
insert into product_keywords(id,keyword_id,product_id) values (50,4,5);
insert into product_keywords(id,keyword_id,product_id) values (51,4,6);
insert into product_keywords(id,keyword_id,product_id) values (52,4,7);
insert into product_keywords(id,keyword_id,product_id) values (53,4,8);
insert into product_keywords(id,keyword_id,product_id) values (54,4,9);
insert into product_keywords(id,keyword_id,product_id) values (55,4,10);
insert into product_keywords(id,keyword_id,product_id) values (56,4,16);
insert into product_keywords(id,keyword_id,product_id) values (57,4,17);
insert into product_keywords(id,keyword_id,product_id) values (58,4,18);
insert into product_keywords(id,keyword_id,product_id) values (59,4,19);
insert into product_keywords(id,keyword_id,product_id) values (60,4,20);
insert into product_keywords(id,keyword_id,product_id) values (61,4,21);
insert into product_keywords(id,keyword_id,product_id) values (62,4,22);
insert into product_keywords(id,keyword_id,product_id) values (63,4,23);
insert into product_keywords(id,keyword_id,product_id) values (64,4,24);
insert into product_keywords(id,keyword_id,product_id) values (65,4,25);
insert into product_keywords(id,keyword_id,product_id) values (66,4,26);
insert into keywords(id,keyword,date_created) values (5,'new','2017-09-08');
insert into product_keywords(id,keyword_id,product_id) values (67,5,1);
insert into product_keywords(id,keyword_id,product_id) values (68,5,3);
insert into product_keywords(id,keyword_id,product_id) values (69,5,4);
insert into product_keywords(id,keyword_id,product_id) values (70,5,5);
insert into product_keywords(id,keyword_id,product_id) values (71,5,6);
insert into product_keywords(id,keyword_id,product_id) values (72,5,7);
insert into product_keywords(id,keyword_id,product_id) values (73,5,8);
insert into product_keywords(id,keyword_id,product_id) values (74,5,9);
insert into product_keywords(id,keyword_id,product_id) values (75,5,10);
insert into product_keywords(id,keyword_id,product_id) values (76,5,11);
insert into product_keywords(id,keyword_id,product_id) values (77,5,12);
insert into product_keywords(id,keyword_id,product_id) values (78,5,13);
insert into product_keywords(id,keyword_id,product_id) values (79,5,14);
insert into product_keywords(id,keyword_id,product_id) values (80,5,15);
insert into product_keywords(id,keyword_id,product_id) values (81,5,21);
insert into product_keywords(id,keyword_id,product_id) values (82,5,22);
insert into product_keywords(id,keyword_id,product_id) values (83,5,23);
insert into product_keywords(id,keyword_id,product_id) values (84,5,24);
insert into product_keywords(id,keyword_id,product_id) values (85,5,25);
insert into product_keywords(id,keyword_id,product_id) values (86,5,26);
insert into keywords(id,keyword,date_created) values (6,'fashion','2017-09-08');
insert into product_keywords(id,keyword_id,product_id) values (87,6,1);
insert into product_keywords(id,keyword_id,product_id) values (88,6,3);
insert into product_keywords(id,keyword_id,product_id) values (89,6,4);
insert into product_keywords(id,keyword_id,product_id) values (90,6,5);
insert into product_keywords(id,keyword_id,product_id) values (91,6,6);
insert into product_keywords(id,keyword_id,product_id) values (92,6,7);
insert into product_keywords(id,keyword_id,product_id) values (93,6,8);
insert into product_keywords(id,keyword_id,product_id) values (94,6,9);
insert into product_keywords(id,keyword_id,product_id) values (95,6,10);
insert into product_keywords(id,keyword_id,product_id) values (96,6,11);
insert into product_keywords(id,keyword_id,product_id) values (97,6,12);
insert into product_keywords(id,keyword_id,product_id) values (98,6,13);
insert into product_keywords(id,keyword_id,product_id) values (99,6,23);
insert into product_keywords(id,keyword_id,product_id) values (100,6,24);
insert into product_keywords(id,keyword_id,product_id) values (101,6,25);
insert into product_keywords(id,keyword_id,product_id) values (102,6,26);
insert into keywords(id,keyword,date_created) values (7,'best','2017-09-08');
insert into reviews(id,product_id,user_id,rate,content,date_created) values (1,3,1,3,'Huge selection of previously owned clothing. More for the woman shopper.','2017-09-09');
insert into activities(id, sender_id, review_id, type, date_created,status) values (1,1,1,3,'2017-09-09',1);
update products set rate_sum = rate_sum + 3 , rate_count = rate_count + 1 where id = 3;
insert into reviews(id,product_id,user_id,rate,content,date_created) values (2,4,1,3,'Loved the customer service i received today . My sale associate Lucy was a tremendous help and is an asset to your company.','2017-09-09');
insert into activities(id, sender_id, review_id, type, date_created,status) values (2,1,2,3,'2017-09-09',1);
update products set rate_sum = rate_sum + 3 , rate_count = rate_count + 1 where id = 4;
insert into reviews(id,product_id,user_id,rate,content,date_created) values (3,7,1,4,'Loved the customer service i received today . My sale associate Lucy was a tremendous help and is an asset to your company.','2017-09-09');
insert into activities(id, sender_id, review_id, type, date_created,status) values (3,1,3,3,'2017-09-09',1);
update products set rate_sum = rate_sum + 4 , rate_count = rate_count + 1 where id = 7;
insert into reviews(id,product_id,user_id,rate,content,date_created) values (4,8,1,4,'Loved the customer service i received today . My sale associate Lucy was a tremendous help and is an asset to your company.','2017-09-09');
insert into activities(id, sender_id, review_id, type, date_created,status) values (4,1,4,3,'2017-09-09',1);
update products set rate_sum = rate_sum + 4 , rate_count = rate_count + 1 where id = 8;
insert into reviews(id,product_id,user_id,rate,content,date_created) values (5,9,1,3,'Huge selection of previously owned clothing. More for the woman shopper.','2017-09-09');
insert into activities(id, sender_id, review_id, type, date_created,status) values (5,1,5,3,'2017-09-09',1);
update products set rate_sum = rate_sum + 3 , rate_count = rate_count + 1 where id = 9;
insert into reviews(id,product_id,user_id,rate,content,date_created) values (6,10,1,5,'So good, I love going into this place to find gently used clothes for work. ','2017-09-09');
insert into activities(id, sender_id, review_id, type, date_created,status) values (6,1,6,3,'2017-09-09',1);
update products set rate_sum = rate_sum + 5 , rate_count = rate_count + 1 where id = 10;
insert into reviews(id,product_id,user_id,rate,content,date_created) values (7,11,1,3,'It is so pretty','2017-09-09');
insert into activities(id, sender_id, review_id, type, date_created,status) values (7,1,7,3,'2017-09-09',1);
update products set rate_sum = rate_sum + 3 , rate_count = rate_count + 1 where id = 11;
insert into reviews(id,product_id,user_id,rate,content,date_created) values (8,15,1,3,'So good, I love going into this place to find gently used clothes for work. ','2017-09-09');
insert into activities(id, sender_id, review_id, type, date_created,status) values (8,1,8,3,'2017-09-09',1);
update products set rate_sum = rate_sum + 3 , rate_count = rate_count + 1 where id = 15;
insert into reviews(id,product_id,user_id,rate,content,date_created) values (9,16,1,3,'Loved the customer service i received today . My sale associate Lucy was a tremendous help and is an asset to your company.','2017-09-09');
insert into activities(id, sender_id, review_id, type, date_created,status) values (9,1,9,3,'2017-09-09',1);
update products set rate_sum = rate_sum + 3 , rate_count = rate_count + 1 where id = 16;
insert into reviews(id,product_id,user_id,rate,content,date_created) values (10,17,1,5,'Loved the customer service i received today . My sale associate Lucy was a tremendous help and is an asset to your company.','2017-09-09');
insert into activities(id, sender_id, review_id, type, date_created,status) values (10,1,10,3,'2017-09-09',1);
update products set rate_sum = rate_sum + 5 , rate_count = rate_count + 1 where id = 17;
insert into reviews(id,product_id,user_id,rate,content,date_created) values (11,2,2,3,'Loved the customer service i received today . My sale associate Lucy was a tremendous help and is an asset to your company.','2017-09-09');
insert into activities(id, sender_id, review_id, type, date_created,status) values (11,2,11,3,'2017-09-09',1);
update products set rate_sum = rate_sum + 3 , rate_count = rate_count + 1 where id = 2;
insert into reviews(id,product_id,user_id,rate,content,date_created) values (12,4,2,5,'it is comfortable','2017-09-09');
insert into activities(id, sender_id, review_id, type, date_created,status) values (12,2,12,3,'2017-09-09',1);
update products set rate_sum = rate_sum + 5 , rate_count = rate_count + 1 where id = 4;
insert into reviews(id,product_id,user_id,rate,content,date_created) values (13,7,2,5,'Huge selection of previously owned clothing. More for the woman shopper.','2017-09-09');
insert into activities(id, sender_id, review_id, type, date_created,status) values (13,2,13,3,'2017-09-09',1);
update products set rate_sum = rate_sum + 5 , rate_count = rate_count + 1 where id = 7;
insert into reviews(id,product_id,user_id,rate,content,date_created) values (14,8,2,4,'I like it','2017-09-09');
insert into activities(id, sender_id, review_id, type, date_created,status) values (14,2,14,3,'2017-09-09',1);
update products set rate_sum = rate_sum + 4 , rate_count = rate_count + 1 where id = 8;
insert into reviews(id,product_id,user_id,rate,content,date_created) values (15,9,2,4,'It is so pretty','2017-09-09');
insert into activities(id, sender_id, review_id, type, date_created,status) values (15,2,15,3,'2017-09-09',1);
update products set rate_sum = rate_sum + 4 , rate_count = rate_count + 1 where id = 9;
insert into reviews(id,product_id,user_id,rate,content,date_created) values (16,11,2,4,'It is so pretty','2017-09-09');
insert into activities(id, sender_id, review_id, type, date_created,status) values (16,2,16,3,'2017-09-09',1);
update products set rate_sum = rate_sum + 4 , rate_count = rate_count + 1 where id = 11;
insert into reviews(id,product_id,user_id,rate,content,date_created) values (17,12,2,3,'I like it','2017-09-09');
insert into activities(id, sender_id, review_id, type, date_created,status) values (17,2,17,3,'2017-09-09',1);
update products set rate_sum = rate_sum + 3 , rate_count = rate_count + 1 where id = 12;
insert into reviews(id,product_id,user_id,rate,content,date_created) values (18,13,2,3,'So good, I love going into this place to find gently used clothes for work. ','2017-09-09');
insert into activities(id, sender_id, review_id, type, date_created,status) values (18,2,18,3,'2017-09-09',1);
update products set rate_sum = rate_sum + 3 , rate_count = rate_count + 1 where id = 13;
insert into reviews(id,product_id,user_id,rate,content,date_created) values (19,14,2,4,'Huge selection of previously owned clothing. More for the woman shopper.','2017-09-09');
insert into activities(id, sender_id, review_id, type, date_created,status) values (19,2,19,3,'2017-09-09',1);
update products set rate_sum = rate_sum + 4 , rate_count = rate_count + 1 where id = 14;
insert into reviews(id,product_id,user_id,rate,content,date_created) values (20,17,2,3,'it is comfortable','2017-09-09');
insert into activities(id, sender_id, review_id, type, date_created,status) values (20,2,20,3,'2017-09-09',1);
update products set rate_sum = rate_sum + 3 , rate_count = rate_count + 1 where id = 17;
insert into reviews(id,product_id,user_id,rate,content,date_created) values (21,1,3,3,'So good, I love going into this place to find gently used clothes for work. ','2017-09-09');
insert into activities(id, sender_id, review_id, type, date_created,status) values (21,3,21,3,'2017-09-09',1);
update products set rate_sum = rate_sum + 3 , rate_count = rate_count + 1 where id = 1;
insert into reviews(id,product_id,user_id,rate,content,date_created) values (22,2,3,3,'It is so pretty','2017-09-09');
insert into activities(id, sender_id, review_id, type, date_created,status) values (22,3,22,3,'2017-09-09',1);
update products set rate_sum = rate_sum + 3 , rate_count = rate_count + 1 where id = 2;
insert into reviews(id,product_id,user_id,rate,content,date_created) values (23,6,3,4,'It is so pretty','2017-09-09');
insert into activities(id, sender_id, review_id, type, date_created,status) values (23,3,23,3,'2017-09-09',1);
update products set rate_sum = rate_sum + 4 , rate_count = rate_count + 1 where id = 6;
insert into reviews(id,product_id,user_id,rate,content,date_created) values (24,8,3,3,'I like it','2017-09-09');
insert into activities(id, sender_id, review_id, type, date_created,status) values (24,3,24,3,'2017-09-09',1);
update products set rate_sum = rate_sum + 3 , rate_count = rate_count + 1 where id = 8;
insert into reviews(id,product_id,user_id,rate,content,date_created) values (25,10,3,5,'I like it','2017-09-09');
insert into activities(id, sender_id, review_id, type, date_created,status) values (25,3,25,3,'2017-09-09',1);
update products set rate_sum = rate_sum + 5 , rate_count = rate_count + 1 where id = 10;
insert into reviews(id,product_id,user_id,rate,content,date_created) values (26,11,3,5,'Huge selection of previously owned clothing. More for the woman shopper.','2017-09-09');
insert into activities(id, sender_id, review_id, type, date_created,status) values (26,3,26,3,'2017-09-09',1);
update products set rate_sum = rate_sum + 5 , rate_count = rate_count + 1 where id = 11;
insert into reviews(id,product_id,user_id,rate,content,date_created) values (27,12,3,3,'It is so pretty','2017-09-09');
insert into activities(id, sender_id, review_id, type, date_created,status) values (27,3,27,3,'2017-09-09',1);
update products set rate_sum = rate_sum + 3 , rate_count = rate_count + 1 where id = 12;
insert into reviews(id,product_id,user_id,rate,content,date_created) values (28,13,3,4,'it is comfortable','2017-09-09');
insert into activities(id, sender_id, review_id, type, date_created,status) values (28,3,28,3,'2017-09-09',1);
update products set rate_sum = rate_sum + 4 , rate_count = rate_count + 1 where id = 13;
insert into reviews(id,product_id,user_id,rate,content,date_created) values (29,14,3,5,'Huge selection of previously owned clothing. More for the woman shopper.','2017-09-09');
insert into activities(id, sender_id, review_id, type, date_created,status) values (29,3,29,3,'2017-09-09',1);
update products set rate_sum = rate_sum + 5 , rate_count = rate_count + 1 where id = 14;
insert into reviews(id,product_id,user_id,rate,content,date_created) values (30,17,3,4,'I like it','2017-09-09');
insert into activities(id, sender_id, review_id, type, date_created,status) values (30,3,30,3,'2017-09-09',1);
update products set rate_sum = rate_sum + 4 , rate_count = rate_count + 1 where id = 17;
insert into reviews(id,product_id,user_id,rate,content,date_created) values (31,1,4,4,'Huge selection of previously owned clothing. More for the woman shopper.','2017-09-09');
insert into activities(id, sender_id, review_id, type, date_created,status) values (31,4,31,3,'2017-09-09',1);
update products set rate_sum = rate_sum + 4 , rate_count = rate_count + 1 where id = 1;
insert into reviews(id,product_id,user_id,rate,content,date_created) values (32,4,4,3,'Huge selection of previously owned clothing. More for the woman shopper.','2017-09-09');
insert into activities(id, sender_id, review_id, type, date_created,status) values (32,4,32,3,'2017-09-09',1);
update products set rate_sum = rate_sum + 3 , rate_count = rate_count + 1 where id = 4;
insert into reviews(id,product_id,user_id,rate,content,date_created) values (33,5,4,4,'I like it','2017-09-09');
insert into activities(id, sender_id, review_id, type, date_created,status) values (33,4,33,3,'2017-09-09',1);
update products set rate_sum = rate_sum + 4 , rate_count = rate_count + 1 where id = 5;
insert into reviews(id,product_id,user_id,rate,content,date_created) values (34,6,4,4,'So good, I love going into this place to find gently used clothes for work. ','2017-09-09');
insert into activities(id, sender_id, review_id, type, date_created,status) values (34,4,34,3,'2017-09-09',1);
update products set rate_sum = rate_sum + 4 , rate_count = rate_count + 1 where id = 6;
insert into reviews(id,product_id,user_id,rate,content,date_created) values (35,7,4,3,'Loved the customer service i received today . My sale associate Lucy was a tremendous help and is an asset to your company.','2017-09-09');
insert into activities(id, sender_id, review_id, type, date_created,status) values (35,4,35,3,'2017-09-09',1);
update products set rate_sum = rate_sum + 3 , rate_count = rate_count + 1 where id = 7;
insert into reviews(id,product_id,user_id,rate,content,date_created) values (36,10,4,3,'Loved the customer service i received today . My sale associate Lucy was a tremendous help and is an asset to your company.','2017-09-09');
insert into activities(id, sender_id, review_id, type, date_created,status) values (36,4,36,3,'2017-09-09',1);
update products set rate_sum = rate_sum + 3 , rate_count = rate_count + 1 where id = 10;
insert into reviews(id,product_id,user_id,rate,content,date_created) values (37,11,4,5,'I like it','2017-09-09');
insert into activities(id, sender_id, review_id, type, date_created,status) values (37,4,37,3,'2017-09-09',1);
update products set rate_sum = rate_sum + 5 , rate_count = rate_count + 1 where id = 11;
insert into reviews(id,product_id,user_id,rate,content,date_created) values (38,13,4,5,'It is so pretty','2017-09-09');
insert into activities(id, sender_id, review_id, type, date_created,status) values (38,4,38,3,'2017-09-09',1);
update products set rate_sum = rate_sum + 5 , rate_count = rate_count + 1 where id = 13;
insert into reviews(id,product_id,user_id,rate,content,date_created) values (39,15,4,5,'Huge selection of previously owned clothing. More for the woman shopper.','2017-09-09');
insert into activities(id, sender_id, review_id, type, date_created,status) values (39,4,39,3,'2017-09-09',1);
update products set rate_sum = rate_sum + 5 , rate_count = rate_count + 1 where id = 15;
insert into reviews(id,product_id,user_id,rate,content,date_created) values (40,16,4,5,'So good, I love going into this place to find gently used clothes for work. ','2017-09-09');
insert into activities(id, sender_id, review_id, type, date_created,status) values (40,4,40,3,'2017-09-09',1);
update products set rate_sum = rate_sum + 5 , rate_count = rate_count + 1 where id = 16;
insert into reviews(id,product_id,user_id,rate,content,date_created) values (41,1,5,3,'Huge selection of previously owned clothing. More for the woman shopper.','2017-09-09');
insert into activities(id, sender_id, review_id, type, date_created,status) values (41,5,41,3,'2017-09-09',1);
update products set rate_sum = rate_sum + 3 , rate_count = rate_count + 1 where id = 1;
insert into reviews(id,product_id,user_id,rate,content,date_created) values (42,2,5,3,'it is comfortable','2017-09-09');
insert into activities(id, sender_id, review_id, type, date_created,status) values (42,5,42,3,'2017-09-09',1);
update products set rate_sum = rate_sum + 3 , rate_count = rate_count + 1 where id = 2;
insert into reviews(id,product_id,user_id,rate,content,date_created) values (43,3,5,5,'it is comfortable','2017-09-09');
insert into activities(id, sender_id, review_id, type, date_created,status) values (43,5,43,3,'2017-09-09',1);
update products set rate_sum = rate_sum + 5 , rate_count = rate_count + 1 where id = 3;
insert into reviews(id,product_id,user_id,rate,content,date_created) values (44,5,5,4,'it is comfortable','2017-09-09');
insert into activities(id, sender_id, review_id, type, date_created,status) values (44,5,44,3,'2017-09-09',1);
update products set rate_sum = rate_sum + 4 , rate_count = rate_count + 1 where id = 5;
insert into reviews(id,product_id,user_id,rate,content,date_created) values (45,8,5,4,'Loved the customer service i received today . My sale associate Lucy was a tremendous help and is an asset to your company.','2017-09-09');
insert into activities(id, sender_id, review_id, type, date_created,status) values (45,5,45,3,'2017-09-09',1);
update products set rate_sum = rate_sum + 4 , rate_count = rate_count + 1 where id = 8;
insert into reviews(id,product_id,user_id,rate,content,date_created) values (46,10,5,4,'It is so pretty','2017-09-09');
insert into activities(id, sender_id, review_id, type, date_created,status) values (46,5,46,3,'2017-09-09',1);
update products set rate_sum = rate_sum + 4 , rate_count = rate_count + 1 where id = 10;
insert into reviews(id,product_id,user_id,rate,content,date_created) values (47,14,5,4,'Loved the customer service i received today . My sale associate Lucy was a tremendous help and is an asset to your company.','2017-09-09');
insert into activities(id, sender_id, review_id, type, date_created,status) values (47,5,47,3,'2017-09-09',1);
update products set rate_sum = rate_sum + 4 , rate_count = rate_count + 1 where id = 14;
insert into reviews(id,product_id,user_id,rate,content,date_created) values (48,15,5,4,'Huge selection of previously owned clothing. More for the woman shopper.','2017-09-09');
insert into activities(id, sender_id, review_id, type, date_created,status) values (48,5,48,3,'2017-09-09',1);
update products set rate_sum = rate_sum + 4 , rate_count = rate_count + 1 where id = 15;
insert into reviews(id,product_id,user_id,rate,content,date_created) values (49,17,5,3,'So good, I love going into this place to find gently used clothes for work. ','2017-09-09');
insert into activities(id, sender_id, review_id, type, date_created,status) values (49,5,49,3,'2017-09-09',1);
update products set rate_sum = rate_sum + 3 , rate_count = rate_count + 1 where id = 17;
insert into reviews(id,product_id,user_id,rate,content,date_created) values (50,18,5,3,'I like it','2017-09-09');
insert into activities(id, sender_id, review_id, type, date_created,status) values (50,5,50,3,'2017-09-09',1);
update products set rate_sum = rate_sum + 3 , rate_count = rate_count + 1 where id = 18;
insert into comments(id,product_id,user_id,status,content,date_created) values (1,6,1,1,'Does this product also sell?','2017-08-07 04:58:01');
insert into activities(id, sender_id, comment_id, receiver_id, type, date_created,status) values (51,1,1,1,2,'2017-08-07 04:58:01',1);
insert into comments(id,product_id,parent_id,user_id,status,content,date_created) values (2,6,1,1,1,'Yes, you can buy it at all shop!','2017-08-07 05:14:41');
insert into activities(id, sender_id, comment_id, receiver_id, type, date_created,status) values (52,1,2,1,6,'2017-08-07 05:14:41',1);
insert into comments(id,product_id,parent_id,user_id,status,content,date_created) values (3,6,1,1,1,'Thank you!','2017-08-07 05:31:21');
insert into activities(id, sender_id, comment_id, receiver_id, type, date_created,status) values (53,1,3,1,6,'2017-08-07 05:31:21',1);
insert into comments(id,product_id,user_id,status,content,date_created) values (4,9,1,1,'how to buy it online?','2017-08-07 05:48:01');
insert into activities(id, sender_id, comment_id, receiver_id, type, date_created,status) values (54,1,4,1,2,'2017-08-07 05:48:01',1);
insert into comments(id,product_id,parent_id,user_id,status,content,date_created) values (5,9,4,1,1,'You can checkout in right top menu, you enter information! We will send you mail, and ship to you','2017-08-07 06:04:41');
insert into activities(id, sender_id, comment_id, receiver_id, type, date_created,status) values (55,1,5,1,6,'2017-08-07 06:04:41',1);
insert into comments(id,product_id,parent_id,user_id,status,content,date_created) values (6,9,4,1,1,'Thank you!','2017-08-07 06:21:21');
insert into activities(id, sender_id, comment_id, receiver_id, type, date_created,status) values (56,1,6,1,6,'2017-08-07 06:21:21',1);
insert into comments(id,product_id,user_id,status,content,date_created) values (7,13,1,1,'I like it','2017-08-07 06:38:01');
insert into activities(id, sender_id, comment_id, receiver_id, type, date_created,status) values (57,1,7,1,2,'2017-08-07 06:38:01',1);
insert into comments(id,product_id,parent_id,user_id,status,content,date_created) values (8,13,7,1,1,'Thank you!','2017-08-07 06:54:41');
insert into activities(id, sender_id, comment_id, receiver_id, type, date_created,status) values (58,1,8,1,6,'2017-08-07 06:54:41',1);
insert into comments(id,product_id,user_id,status,content,date_created) values (9,20,1,1,'it is so pretty','2017-08-07 07:11:21');
insert into activities(id, sender_id, comment_id, receiver_id, type, date_created,status) values (59,1,9,1,2,'2017-08-07 07:11:21',1);
insert into comments(id,product_id,parent_id,user_id,status,content,date_created) values (10,20,9,1,1,'Thank you!Thank you!','2017-08-07 07:28:01');
insert into activities(id, sender_id, comment_id, receiver_id, type, date_created,status) values (60,1,10,1,6,'2017-08-07 07:28:01',1);
insert into comments(id,product_id,user_id,status,content,date_created) values (11,26,1,1,'綺麗ですね!','2017-08-07 07:44:41');
insert into activities(id, sender_id, comment_id, receiver_id, type, date_created,status) values (61,1,11,1,2,'2017-08-07 07:44:41',1);
insert into comments(id,product_id,parent_id,user_id,status,content,date_created) values (12,26,11,1,1,'ありがとうございます。','2017-08-07 08:01:21');
insert into activities(id, sender_id, comment_id, receiver_id, type, date_created,status) values (62,1,12,1,6,'2017-08-07 08:01:21',1);
insert into comments(id,product_id,user_id,status,content,date_created) values (13,2,2,1,'Does this product also sell?','2017-08-07 08:18:01');
insert into activities(id, sender_id, comment_id, receiver_id, type, date_created,status) values (63,2,13,1,2,'2017-08-07 08:18:01',1);
insert into comments(id,product_id,parent_id,user_id,status,content,date_created) values (14,2,13,1,1,'Yes, you can buy it at all shop!','2017-08-07 08:34:41');
insert into activities(id, sender_id, comment_id, receiver_id, type, date_created,status) values (64,1,14,1,6,'2017-08-07 08:34:41',1);
insert into comments(id,product_id,parent_id,user_id,status,content,date_created) values (15,2,13,2,1,'Thank you!','2017-08-07 08:51:21');
insert into activities(id, sender_id, comment_id, receiver_id, type, date_created,status) values (65,2,15,1,6,'2017-08-07 08:51:21',1);
insert into comments(id,product_id,user_id,status,content,date_created) values (16,12,2,1,'綺麗ですね!','2017-08-07 09:08:01');
insert into activities(id, sender_id, comment_id, receiver_id, type, date_created,status) values (66,2,16,1,2,'2017-08-07 09:08:01',1);
insert into comments(id,product_id,parent_id,user_id,status,content,date_created) values (17,12,16,1,1,'ありがとうございます。','2017-08-07 09:24:41');
insert into activities(id, sender_id, comment_id, receiver_id, type, date_created,status) values (67,1,17,1,6,'2017-08-07 09:24:41',1);
insert into comments(id,product_id,user_id,status,content,date_created) values (18,15,2,1,'Does this product also sell?','2017-08-07 09:41:21');
insert into activities(id, sender_id, comment_id, receiver_id, type, date_created,status) values (68,2,18,1,2,'2017-08-07 09:41:21',1);
insert into comments(id,product_id,parent_id,user_id,status,content,date_created) values (19,15,18,1,1,'Yes, you can buy it at all shop!','2017-08-07 09:58:01');
insert into activities(id, sender_id, comment_id, receiver_id, type, date_created,status) values (69,1,19,1,6,'2017-08-07 09:58:01',1);
insert into comments(id,product_id,parent_id,user_id,status,content,date_created) values (20,15,18,2,1,'Thank you!','2017-08-07 10:14:41');
insert into activities(id, sender_id, comment_id, receiver_id, type, date_created,status) values (70,2,20,1,6,'2017-08-07 10:14:41',1);
insert into comments(id,product_id,user_id,status,content,date_created) values (21,21,2,1,'I like it','2017-08-07 10:31:21');
insert into activities(id, sender_id, comment_id, receiver_id, type, date_created,status) values (71,2,21,1,2,'2017-08-07 10:31:21',1);
insert into comments(id,product_id,parent_id,user_id,status,content,date_created) values (22,21,21,1,1,'Thank you!','2017-08-07 10:48:01');
insert into activities(id, sender_id, comment_id, receiver_id, type, date_created,status) values (72,1,22,1,6,'2017-08-07 10:48:01',1);
insert into comments(id,product_id,user_id,status,content,date_created) values (23,25,2,1,'綺麗ですね!','2017-08-07 11:04:41');
insert into activities(id, sender_id, comment_id, receiver_id, type, date_created,status) values (73,2,23,1,2,'2017-08-07 11:04:41',1);
insert into comments(id,product_id,parent_id,user_id,status,content,date_created) values (24,25,23,1,1,'ありがとうございます。','2017-08-07 11:21:21');
insert into activities(id, sender_id, comment_id, receiver_id, type, date_created,status) values (74,1,24,1,6,'2017-08-07 11:21:21',1);
insert into comments(id,product_id,user_id,status,content,date_created) values (25,2,3,1,'I like it','2017-08-07 11:38:01');
insert into activities(id, sender_id, comment_id, receiver_id, type, date_created,status) values (75,3,25,1,2,'2017-08-07 11:38:01',1);
insert into comments(id,product_id,parent_id,user_id,status,content,date_created) values (26,2,25,1,1,'Thank you!','2017-08-07 11:54:41');
insert into activities(id, sender_id, comment_id, receiver_id, type, date_created,status) values (76,1,26,1,6,'2017-08-07 11:54:41',1);
insert into comments(id,product_id,user_id,status,content,date_created) values (27,14,3,1,'Does this product also sell?','2017-08-07 12:11:21');
insert into activities(id, sender_id, comment_id, receiver_id, type, date_created,status) values (77,3,27,1,2,'2017-08-07 12:11:21',1);
insert into comments(id,product_id,parent_id,user_id,status,content,date_created) values (28,14,27,1,1,'Yes, you can buy it at all shop!','2017-08-07 12:28:01');
insert into activities(id, sender_id, comment_id, receiver_id, type, date_created,status) values (78,1,28,1,6,'2017-08-07 12:28:01',1);
insert into comments(id,product_id,parent_id,user_id,status,content,date_created) values (29,14,27,3,1,'Thank you!','2017-08-07 12:44:41');
insert into activities(id, sender_id, comment_id, receiver_id, type, date_created,status) values (79,3,29,1,6,'2017-08-07 12:44:41',1);
insert into comments(id,product_id,user_id,status,content,date_created) values (30,15,3,1,'綺麗ですね!','2017-08-07 13:01:21');
insert into activities(id, sender_id, comment_id, receiver_id, type, date_created,status) values (80,3,30,1,2,'2017-08-07 13:01:21',1);
insert into comments(id,product_id,parent_id,user_id,status,content,date_created) values (31,15,30,1,1,'ありがとうございます。','2017-08-07 13:18:01');
insert into activities(id, sender_id, comment_id, receiver_id, type, date_created,status) values (81,1,31,1,6,'2017-08-07 13:18:01',1);
insert into comments(id,product_id,user_id,status,content,date_created) values (32,16,3,1,'綺麗ですね!','2017-08-07 13:34:41');
insert into activities(id, sender_id, comment_id, receiver_id, type, date_created,status) values (82,3,32,1,2,'2017-08-07 13:34:41',1);
insert into comments(id,product_id,parent_id,user_id,status,content,date_created) values (33,16,32,1,1,'ありがとうございます。','2017-08-07 13:51:21');
insert into activities(id, sender_id, comment_id, receiver_id, type, date_created,status) values (83,1,33,1,6,'2017-08-07 13:51:21',1);
insert into comments(id,product_id,user_id,status,content,date_created) values (34,19,3,1,'綺麗ですね!','2017-08-07 14:08:01');
insert into activities(id, sender_id, comment_id, receiver_id, type, date_created,status) values (84,3,34,1,2,'2017-08-07 14:08:01',1);
insert into comments(id,product_id,parent_id,user_id,status,content,date_created) values (35,19,34,1,1,'ありがとうございます。','2017-08-07 14:24:41');
insert into activities(id, sender_id, comment_id, receiver_id, type, date_created,status) values (85,1,35,1,6,'2017-08-07 14:24:41',1);
insert into comments(id,product_id,user_id,status,content,date_created) values (36,1,4,1,'it is so pretty','2017-08-07 14:41:21');
insert into activities(id, sender_id, comment_id, receiver_id, type, date_created,status) values (86,4,36,1,2,'2017-08-07 14:41:21',1);
insert into comments(id,product_id,parent_id,user_id,status,content,date_created) values (37,1,36,1,1,'Thank you!Thank you!','2017-08-07 14:58:01');
insert into activities(id, sender_id, comment_id, receiver_id, type, date_created,status) values (87,1,37,1,6,'2017-08-07 14:58:01',1);
insert into comments(id,product_id,user_id,status,content,date_created) values (38,6,4,1,'Does this product also sell?','2017-08-07 15:14:41');
insert into activities(id, sender_id, comment_id, receiver_id, type, date_created,status) values (88,4,38,1,2,'2017-08-07 15:14:41',1);
insert into comments(id,product_id,parent_id,user_id,status,content,date_created) values (39,6,38,1,1,'Yes, you can buy it at all shop!','2017-08-07 15:31:21');
insert into activities(id, sender_id, comment_id, receiver_id, type, date_created,status) values (89,1,39,1,6,'2017-08-07 15:31:21',1);
insert into comments(id,product_id,parent_id,user_id,status,content,date_created) values (40,6,38,4,1,'Thank you!','2017-08-07 15:48:01');
insert into activities(id, sender_id, comment_id, receiver_id, type, date_created,status) values (90,4,40,1,6,'2017-08-07 15:48:01',1);
insert into comments(id,product_id,user_id,status,content,date_created) values (41,7,4,1,'綺麗ですね!','2017-08-07 16:04:41');
insert into activities(id, sender_id, comment_id, receiver_id, type, date_created,status) values (91,4,41,1,2,'2017-08-07 16:04:41',1);
insert into comments(id,product_id,parent_id,user_id,status,content,date_created) values (42,7,41,1,1,'ありがとうございます。','2017-08-07 16:21:21');
insert into activities(id, sender_id, comment_id, receiver_id, type, date_created,status) values (92,1,42,1,6,'2017-08-07 16:21:21',1);
insert into comments(id,product_id,user_id,status,content,date_created) values (43,19,4,1,'I like it','2017-08-07 16:38:01');
insert into activities(id, sender_id, comment_id, receiver_id, type, date_created,status) values (93,4,43,1,2,'2017-08-07 16:38:01',1);
insert into comments(id,product_id,parent_id,user_id,status,content,date_created) values (44,19,43,1,1,'Thank you!','2017-08-07 16:54:41');
insert into activities(id, sender_id, comment_id, receiver_id, type, date_created,status) values (94,1,44,1,6,'2017-08-07 16:54:41',1);
insert into comments(id,product_id,user_id,status,content,date_created) values (45,22,4,1,'how to buy it online?','2017-08-07 17:11:21');
insert into activities(id, sender_id, comment_id, receiver_id, type, date_created,status) values (95,4,45,1,2,'2017-08-07 17:11:21',1);
insert into comments(id,product_id,parent_id,user_id,status,content,date_created) values (46,22,45,1,1,'You can checkout in right top menu, you enter information! We will send you mail, and ship to you','2017-08-07 17:28:01');
insert into activities(id, sender_id, comment_id, receiver_id, type, date_created,status) values (96,1,46,1,6,'2017-08-07 17:28:01',1);
insert into comments(id,product_id,parent_id,user_id,status,content,date_created) values (47,22,45,4,1,'Thank you!','2017-08-07 17:44:41');
insert into activities(id, sender_id, comment_id, receiver_id, type, date_created,status) values (97,4,47,1,6,'2017-08-07 17:44:41',1);
insert into comments(id,product_id,user_id,status,content,date_created) values (48,1,5,1,'綺麗ですね!','2017-08-07 18:01:21');
insert into activities(id, sender_id, comment_id, receiver_id, type, date_created,status) values (98,5,48,1,2,'2017-08-07 18:01:21',1);
insert into comments(id,product_id,parent_id,user_id,status,content,date_created) values (49,1,48,1,1,'ありがとうございます。','2017-08-07 18:18:01');
insert into activities(id, sender_id, comment_id, receiver_id, type, date_created,status) values (99,1,49,1,6,'2017-08-07 18:18:01',1);
insert into comments(id,product_id,user_id,status,content,date_created) values (50,7,5,1,'I like it','2017-08-07 18:34:41');
insert into activities(id, sender_id, comment_id, receiver_id, type, date_created,status) values (100,5,50,1,2,'2017-08-07 18:34:41',1);
insert into comments(id,product_id,parent_id,user_id,status,content,date_created) values (51,7,50,1,1,'Thank you!','2017-08-07 18:51:21');
insert into activities(id, sender_id, comment_id, receiver_id, type, date_created,status) values (101,1,51,1,6,'2017-08-07 18:51:21',1);
insert into comments(id,product_id,user_id,status,content,date_created) values (52,15,5,1,'how to buy it online?','2017-08-07 19:08:01');
insert into activities(id, sender_id, comment_id, receiver_id, type, date_created,status) values (102,5,52,1,2,'2017-08-07 19:08:01',1);
insert into comments(id,product_id,parent_id,user_id,status,content,date_created) values (53,15,52,1,1,'You can checkout in right top menu, you enter information! We will send you mail, and ship to you','2017-08-07 19:24:41');
insert into activities(id, sender_id, comment_id, receiver_id, type, date_created,status) values (103,1,53,1,6,'2017-08-07 19:24:41',1);
insert into comments(id,product_id,parent_id,user_id,status,content,date_created) values (54,15,52,5,1,'Thank you!','2017-08-07 19:41:21');
insert into activities(id, sender_id, comment_id, receiver_id, type, date_created,status) values (104,5,54,1,6,'2017-08-07 19:41:21',1);
insert into comments(id,product_id,user_id,status,content,date_created) values (55,19,5,1,'I like it','2017-08-07 19:58:01');
insert into activities(id, sender_id, comment_id, receiver_id, type, date_created,status) values (105,5,55,1,2,'2017-08-07 19:58:01',1);
insert into comments(id,product_id,parent_id,user_id,status,content,date_created) values (56,19,55,1,1,'Thank you!','2017-08-07 20:14:41');
insert into activities(id, sender_id, comment_id, receiver_id, type, date_created,status) values (106,1,56,1,6,'2017-08-07 20:14:41',1);
insert into comments(id,product_id,user_id,status,content,date_created) values (57,22,5,1,'綺麗ですね!','2017-08-07 20:31:21');
insert into activities(id, sender_id, comment_id, receiver_id, type, date_created,status) values (107,5,57,1,2,'2017-08-07 20:31:21',1);
insert into comments(id,product_id,parent_id,user_id,status,content,date_created) values (58,22,57,1,1,'ありがとうございます。','2017-08-07 20:48:01');
insert into activities(id, sender_id, comment_id, receiver_id, type, date_created,status) values (108,1,58,1,6,'2017-08-07 20:48:01',1);
insert into comments(id,product_id,user_id,status,content,date_created) values (59,4,6,1,'I like it','2017-08-07 21:04:41');
insert into activities(id, sender_id, comment_id, receiver_id, type, date_created,status) values (109,6,59,1,2,'2017-08-07 21:04:41',1);
insert into comments(id,product_id,parent_id,user_id,status,content,date_created) values (60,4,59,1,1,'Thank you!','2017-08-07 21:21:21');
insert into activities(id, sender_id, comment_id, receiver_id, type, date_created,status) values (110,1,60,1,6,'2017-08-07 21:21:21',1);
insert into comments(id,product_id,user_id,status,content,date_created) values (61,18,6,1,'how to buy it online?','2017-08-07 21:38:01');
insert into activities(id, sender_id, comment_id, receiver_id, type, date_created,status) values (111,6,61,1,2,'2017-08-07 21:38:01',1);
insert into comments(id,product_id,parent_id,user_id,status,content,date_created) values (62,18,61,1,1,'You can checkout in right top menu, you enter information! We will send you mail, and ship to you','2017-08-07 21:54:41');
insert into activities(id, sender_id, comment_id, receiver_id, type, date_created,status) values (112,1,62,1,6,'2017-08-07 21:54:41',1);
insert into comments(id,product_id,parent_id,user_id,status,content,date_created) values (63,18,61,6,1,'Thank you!','2017-08-07 22:11:21');
insert into activities(id, sender_id, comment_id, receiver_id, type, date_created,status) values (113,6,63,1,6,'2017-08-07 22:11:21',1);
insert into comments(id,product_id,user_id,status,content,date_created) values (64,20,6,1,'Does this product also sell?','2017-08-07 22:28:01');
insert into activities(id, sender_id, comment_id, receiver_id, type, date_created,status) values (114,6,64,1,2,'2017-08-07 22:28:01',1);
insert into comments(id,product_id,parent_id,user_id,status,content,date_created) values (65,20,64,1,1,'Yes, you can buy it at all shop!','2017-08-07 22:44:41');
insert into activities(id, sender_id, comment_id, receiver_id, type, date_created,status) values (115,1,65,1,6,'2017-08-07 22:44:41',1);
insert into comments(id,product_id,parent_id,user_id,status,content,date_created) values (66,20,64,6,1,'Thank you!','2017-08-07 23:01:21');
insert into activities(id, sender_id, comment_id, receiver_id, type, date_created,status) values (116,6,66,1,6,'2017-08-07 23:01:21',1);
insert into comments(id,product_id,user_id,status,content,date_created) values (67,21,6,1,'Does this product also sell?','2017-08-07 23:18:01');
insert into activities(id, sender_id, comment_id, receiver_id, type, date_created,status) values (117,6,67,1,2,'2017-08-07 23:18:01',1);
insert into comments(id,product_id,parent_id,user_id,status,content,date_created) values (68,21,67,1,1,'Yes, you can buy it at all shop!','2017-08-07 23:34:41');
insert into activities(id, sender_id, comment_id, receiver_id, type, date_created,status) values (118,1,68,1,6,'2017-08-07 23:34:41',1);
insert into comments(id,product_id,parent_id,user_id,status,content,date_created) values (69,21,67,6,1,'Thank you!','2017-08-07 23:51:21');
insert into activities(id, sender_id, comment_id, receiver_id, type, date_created,status) values (119,6,69,1,6,'2017-08-07 23:51:21',1);
insert into comments(id,product_id,user_id,status,content,date_created) values (70,24,6,1,'Does this product also sell?','2017-08-08 00:08:01');
insert into activities(id, sender_id, comment_id, receiver_id, type, date_created,status) values (120,6,70,1,2,'2017-08-08 00:08:01',1);
insert into comments(id,product_id,parent_id,user_id,status,content,date_created) values (71,24,70,1,1,'Yes, you can buy it at all shop!','2017-08-08 00:24:41');
insert into activities(id, sender_id, comment_id, receiver_id, type, date_created,status) values (121,1,71,1,6,'2017-08-08 00:24:41',1);
insert into comments(id,product_id,parent_id,user_id,status,content,date_created) values (72,24,70,6,1,'Thank you!','2017-08-08 00:41:21');
insert into activities(id, sender_id, comment_id, receiver_id, type, date_created,status) values (122,6,72,1,6,'2017-08-08 00:41:21',1);
insert into comments(id,product_id,user_id,status,content,date_created) values (73,1,7,1,'綺麗ですね!','2017-08-08 00:58:01');
insert into activities(id, sender_id, comment_id, receiver_id, type, date_created,status) values (123,7,73,1,2,'2017-08-08 00:58:01',1);
insert into comments(id,product_id,parent_id,user_id,status,content,date_created) values (74,1,73,1,1,'ありがとうございます。','2017-08-08 01:14:41');
insert into activities(id, sender_id, comment_id, receiver_id, type, date_created,status) values (124,1,74,1,6,'2017-08-08 01:14:41',1);
insert into comments(id,product_id,user_id,status,content,date_created) values (75,10,7,1,'how to buy it online?','2017-08-08 01:31:21');
insert into activities(id, sender_id, comment_id, receiver_id, type, date_created,status) values (125,7,75,1,2,'2017-08-08 01:31:21',1);
insert into comments(id,product_id,parent_id,user_id,status,content,date_created) values (76,10,75,1,1,'You can checkout in right top menu, you enter information! We will send you mail, and ship to you','2017-08-08 01:48:01');
insert into activities(id, sender_id, comment_id, receiver_id, type, date_created,status) values (126,1,76,1,6,'2017-08-08 01:48:01',1);
insert into comments(id,product_id,parent_id,user_id,status,content,date_created) values (77,10,75,7,1,'Thank you!','2017-08-08 02:04:41');
insert into activities(id, sender_id, comment_id, receiver_id, type, date_created,status) values (127,7,77,1,6,'2017-08-08 02:04:41',1);
insert into comments(id,product_id,user_id,status,content,date_created) values (78,14,7,1,'綺麗ですね!','2017-08-08 02:21:21');
insert into activities(id, sender_id, comment_id, receiver_id, type, date_created,status) values (128,7,78,1,2,'2017-08-08 02:21:21',1);
insert into comments(id,product_id,parent_id,user_id,status,content,date_created) values (79,14,78,1,1,'ありがとうございます。','2017-08-08 02:38:01');
insert into activities(id, sender_id, comment_id, receiver_id, type, date_created,status) values (129,1,79,1,6,'2017-08-08 02:38:01',1);
insert into comments(id,product_id,user_id,status,content,date_created) values (80,22,7,1,'綺麗ですね!','2017-08-08 02:54:41');
insert into activities(id, sender_id, comment_id, receiver_id, type, date_created,status) values (130,7,80,1,2,'2017-08-08 02:54:41',1);
insert into comments(id,product_id,parent_id,user_id,status,content,date_created) values (81,22,80,1,1,'ありがとうございます。','2017-08-08 03:11:21');
insert into activities(id, sender_id, comment_id, receiver_id, type, date_created,status) values (131,1,81,1,6,'2017-08-08 03:11:21',1);
insert into comments(id,product_id,user_id,status,content,date_created) values (82,23,7,1,'Does this product also sell?','2017-08-08 03:28:01');
insert into activities(id, sender_id, comment_id, receiver_id, type, date_created,status) values (132,7,82,1,2,'2017-08-08 03:28:01',1);
insert into comments(id,product_id,parent_id,user_id,status,content,date_created) values (83,23,82,1,1,'Yes, you can buy it at all shop!','2017-08-08 03:44:41');
insert into activities(id, sender_id, comment_id, receiver_id, type, date_created,status) values (133,1,83,1,6,'2017-08-08 03:44:41',1);
insert into comments(id,product_id,parent_id,user_id,status,content,date_created) values (84,23,82,7,1,'Thank you!','2017-08-08 04:01:21');
insert into activities(id, sender_id, comment_id, receiver_id, type, date_created,status) values (134,7,84,1,6,'2017-08-08 04:01:21',1);
insert into orders (id, user_id, name, phone, email, address_id, number_of_items, cost, status,ship_at,completed_at, date_created) values (1, 1, 'admin','0912593240', 'admin@gmail.com', 1,2,550,2,'2017-06-03 07:35:02',null,'2017-06-03 06:39:47');
insert into activities(id, sender_id, order_id, receiver_id, type, date_created,status) values (135,null,1,1,4,'2017-06-03 06:39:47',1);
insert into order_items(id, order_id, product_master_id, quantity, status, cost, date_created) values (1, 1,19,2,1,220,'2017-06-03 06:39:47');
insert into order_items(id, order_id, product_master_id, quantity, status, cost, date_created) values (2, 1,31,3,1,330,'2017-06-03 06:39:47');
insert into orders (id, user_id, name, phone, email, address_id, number_of_items, cost, status,ship_at,completed_at, date_created) values (2, 2, 'admin1','0912593240', 'admin1@gmail.com', 2,2,550,2,'2017-05-20 09:39:56',null,'2017-05-20 08:36:31');
insert into activities(id, sender_id, order_id, receiver_id, type, date_created,status) values (136,null,2,2,4,'2017-05-20 08:36:31',1);
insert into order_items(id, order_id, product_master_id, quantity, status, cost, date_created) values (3, 2,8,2,1,220,'2017-05-20 08:36:31');
insert into order_items(id, order_id, product_master_id, quantity, status, cost, date_created) values (4, 2,20,3,1,330,'2017-05-20 08:36:31');
insert into orders (id, user_id, name, phone, email, address_id, number_of_items, cost, status,ship_at,completed_at, date_created) values (3, 3, 'truong','0912593240', 'truong@gmail.com', 3,2,1040,1,null,null,'2017-05-29 18:04:38');
insert into activities(id, sender_id, order_id, receiver_id, type, date_created,status) values (137,3,3,null,1,'2017-05-29 18:04:38',1);
insert into order_items(id, order_id, product_master_id, quantity, status, cost, date_created) values (5, 3,10,3,1,600,'2017-05-29 18:04:38');
insert into order_items(id, order_id, product_master_id, quantity, status, cost, date_created) values (6, 3,20,4,1,440,'2017-05-29 18:04:38');
insert into orders (id, user_id, name, phone, email, address_id, number_of_items, cost, status,ship_at,completed_at, date_created) values (4, 4, 'duc','0912593240', 'duc@gmail.com', 4,2,810,1,null,null,'2017-04-24 05:30:00');
insert into activities(id, sender_id, order_id, receiver_id, type, date_created,status) values (138,4,4,null,1,'2017-04-24 05:30:00',1);
insert into order_items(id, order_id, product_master_id, quantity, status, cost, date_created) values (7, 4,9,3,1,330,'2017-04-24 05:30:00');
insert into order_items(id, order_id, product_master_id, quantity, status, cost, date_created) values (8, 4,15,4,1,480,'2017-04-24 05:30:00');
insert into orders (id, user_id, name, phone, email, address_id, number_of_items, cost, status,ship_at,completed_at, date_created) values (5, 5, 'long','0912593240', 'long@gmail.com', 5,2,7120,1,null,null,'2017-04-16 18:19:29');
insert into activities(id, sender_id, order_id, receiver_id, type, date_created,status) values (139,5,5,null,1,'2017-04-16 18:19:29',1);
insert into order_items(id, order_id, product_master_id, quantity, status, cost, date_created) values (9, 5,5,3,1,2670,'2017-04-16 18:19:29');
insert into order_items(id, order_id, product_master_id, quantity, status, cost, date_created) values (10, 5,27,5,1,4450,'2017-04-16 18:19:29');
insert into orders (id, user_id, name, phone, email, address_id, number_of_items, cost, status,ship_at,completed_at, date_created) values (6, 6, 'ninh','0912593240', 'ninh@gmail.com', 6,2,4780,1,null,null,'2017-08-16 14:33:54');
insert into activities(id, sender_id, order_id, receiver_id, type, date_created,status) values (140,6,6,null,1,'2017-08-16 14:33:54',1);
insert into order_items(id, order_id, product_master_id, quantity, status, cost, date_created) values (11, 6,8,3,1,330,'2017-08-16 14:33:54');
insert into order_items(id, order_id, product_master_id, quantity, status, cost, date_created) values (12, 6,17,5,1,4450,'2017-08-16 14:33:54');
insert into orders (id, user_id, name, phone, email, address_id, number_of_items, cost, status,ship_at,completed_at, date_created) values (7, 7, 'test','0912593240', 'test@gmail.com', 7,2,4670,2,'2017-08-02 14:11:03',null,'2017-08-02 13:29:18');
insert into activities(id, sender_id, order_id, receiver_id, type, date_created,status) values (141,null,7,7,4,'2017-08-02 13:29:18',1);
insert into order_items(id, order_id, product_master_id, quantity, status, cost, date_created) values (13, 7,19,2,1,220,'2017-08-02 13:29:18');
insert into order_items(id, order_id, product_master_id, quantity, status, cost, date_created) values (14, 7,28,5,1,4450,'2017-08-02 13:29:18');
insert into orders (id, user_id, name, phone, email, address_id, number_of_items, cost, status,ship_at,completed_at, date_created) values (8, 1, 'admin','0912593240', 'admin@gmail.com', 1,2,2340,1,null,null,'2017-04-24 20:58:16');
insert into activities(id, sender_id, order_id, receiver_id, type, date_created,status) values (142,1,8,null,1,'2017-04-24 20:58:16',1);
insert into order_items(id, order_id, product_master_id, quantity, status, cost, date_created) values (15, 8,8,2,1,220,'2017-04-24 20:58:16');
insert into order_items(id, order_id, product_master_id, quantity, status, cost, date_created) values (16, 8,24,4,1,2120,'2017-04-24 20:58:16');
insert into orders (id, user_id, name, phone, email, address_id, number_of_items, cost, status,ship_at,completed_at, date_created) values (9, 2, 'admin1','0912593240', 'admin1@gmail.com', 2,2,520,1,null,null,'2017-08-30 15:53:13');
insert into activities(id, sender_id, order_id, receiver_id, type, date_created,status) values (143,2,9,null,1,'2017-08-30 15:53:13',1);
insert into order_items(id, order_id, product_master_id, quantity, status, cost, date_created) values (17, 9,4,1,1,120,'2017-08-30 15:53:13');
insert into order_items(id, order_id, product_master_id, quantity, status, cost, date_created) values (18, 9,10,2,1,400,'2017-08-30 15:53:13');
insert into orders (id, user_id, name, phone, email, address_id, number_of_items, cost, status,ship_at,completed_at, date_created) values (10, 3, 'truong','0912593240', 'truong@gmail.com', 3,2,380,1,null,null,'2017-06-18 15:28:09');
insert into activities(id, sender_id, order_id, receiver_id, type, date_created,status) values (144,3,10,null,1,'2017-06-18 15:28:09',1);
insert into order_items(id, order_id, product_master_id, quantity, status, cost, date_created) values (19, 10,34,1,1,380,'2017-06-18 15:28:09');
insert into order_items(id, order_id, product_master_id, quantity, status, cost, date_created) values (20, 10,41,5,1,0,'2017-06-18 15:28:09');
insert into orders (id, user_id, name, phone, email, address_id, number_of_items, cost, status,ship_at,completed_at, date_created) values (11, 4, 'duc','0912593240', 'duc@gmail.com', 4,2,340,3,'2017-08-10 14:33:41','2017-08-10 16:13:34','2017-08-10 13:28:58');
insert into activities(id, sender_id, order_id, receiver_id, type, date_created,status) values (145,null,11,4,5,'2017-08-10 13:28:58',1);
insert into order_items(id, order_id, product_master_id, quantity, status, cost, date_created) values (21, 11,26,1,1,120,'2017-08-10 13:28:58');
insert into order_items(id, order_id, product_master_id, quantity, status, cost, date_created) values (22, 11,30,2,1,220,'2017-08-10 13:28:58');
insert into orders (id, user_id, name, phone, email, address_id, number_of_items, cost, status,ship_at,completed_at, date_created) values (12, 5, 'long','0912593240', 'long@gmail.com', 5,2,1280,1,null,null,'2017-07-26 08:07:23');
insert into activities(id, sender_id, order_id, receiver_id, type, date_created,status) values (146,5,12,null,1,'2017-07-26 08:07:23',1);
insert into order_items(id, order_id, product_master_id, quantity, status, cost, date_created) values (23, 12,1,2,1,680,'2017-07-26 08:07:23');
insert into order_items(id, order_id, product_master_id, quantity, status, cost, date_created) values (24, 12,11,3,1,600,'2017-07-26 08:07:23');
insert into orders (id, user_id, name, phone, email, address_id, number_of_items, cost, status,ship_at,completed_at, date_created) values (13, 6, 'ninh','0912593240', 'ninh@gmail.com', 6,2,4590,3,'2017-08-26 21:08:52','2017-08-26 21:30:10','2017-08-26 19:48:14');
insert into activities(id, sender_id, order_id, receiver_id, type, date_created,status) values (147,null,13,6,5,'2017-08-26 19:48:14',1);
insert into order_items(id, order_id, product_master_id, quantity, status, cost, date_created) values (25, 13,30,4,1,440,'2017-08-26 19:48:14');
insert into order_items(id, order_id, product_master_id, quantity, status, cost, date_created) values (26, 13,35,5,1,4150,'2017-08-26 19:48:14');
insert into orders (id, user_id, name, phone, email, address_id, number_of_items, cost, status,ship_at,completed_at, date_created) values (14, 7, 'test','0912593240', 'test@gmail.com', 7,2,4350,3,'2017-05-24 17:01:19','2017-05-24 18:00:41','2017-05-24 16:14:10');
insert into activities(id, sender_id, order_id, receiver_id, type, date_created,status) values (148,null,14,7,5,'2017-05-24 16:14:10',1);
insert into order_items(id, order_id, product_master_id, quantity, status, cost, date_created) values (27, 14,17,3,1,2670,'2017-05-24 16:14:10');
insert into order_items(id, order_id, product_master_id, quantity, status, cost, date_created) values (28, 14,39,4,1,1680,'2017-05-24 16:14:10');
insert into orders (id, user_id, name, phone, email, address_id, number_of_items, cost, status,ship_at,completed_at, date_created) values (15, 1, 'admin','0912593240', 'admin@gmail.com', 1,2,1180,1,null,null,'2017-05-18 13:50:00');
insert into activities(id, sender_id, order_id, receiver_id, type, date_created,status) values (149,1,15,null,1,'2017-05-18 13:50:00',1);
insert into order_items(id, order_id, product_master_id, quantity, status, cost, date_created) values (29, 15,8,2,1,220,'2017-05-18 13:50:00');
insert into order_items(id, order_id, product_master_id, quantity, status, cost, date_created) values (30, 15,32,4,1,960,'2017-05-18 13:50:00');
insert into orders (id, user_id, name, phone, email, address_id, number_of_items, cost, status,ship_at,completed_at, date_created) values (16, 2, 'admin1','0912593240', 'admin1@gmail.com', 2,2,950,3,'2017-09-05 13:57:14','2017-09-05 15:43:44','2017-09-05 13:14:15');
insert into activities(id, sender_id, order_id, receiver_id, type, date_created,status) values (150,null,16,2,5,'2017-09-05 13:14:15',1);
insert into order_items(id, order_id, product_master_id, quantity, status, cost, date_created) values (31, 16,11,2,1,400,'2017-09-05 13:14:15');
insert into order_items(id, order_id, product_master_id, quantity, status, cost, date_created) values (32, 16,19,5,1,550,'2017-09-05 13:14:15');
insert into orders (id, user_id, name, phone, email, address_id, number_of_items, cost, status,ship_at,completed_at, date_created) values (17, 3, 'truong','0912593240', 'truong@gmail.com', 3,2,1920,3,'2017-05-15 23:23:22','2017-05-16 00:13:54','2017-05-15 22:27:33');
insert into activities(id, sender_id, order_id, receiver_id, type, date_created,status) values (151,null,17,3,5,'2017-05-15 22:27:33',1);
insert into order_items(id, order_id, product_master_id, quantity, status, cost, date_created) values (33, 17,33,1,1,240,'2017-05-15 22:27:33');
insert into order_items(id, order_id, product_master_id, quantity, status, cost, date_created) values (34, 17,39,4,1,1680,'2017-05-15 22:27:33');
insert into orders (id, user_id, name, phone, email, address_id, number_of_items, cost, status,ship_at,completed_at, date_created) values (18, 4, 'duc','0912593240', 'duc@gmail.com', 4,2,3070,3,'2017-07-14 17:43:55','2017-07-14 19:22:38','2017-07-14 16:38:21');
insert into activities(id, sender_id, order_id, receiver_id, type, date_created,status) values (152,null,18,4,5,'2017-07-14 16:38:21',1);
insert into order_items(id, order_id, product_master_id, quantity, status, cost, date_created) values (35, 18,11,2,1,400,'2017-07-14 16:38:21');
insert into order_items(id, order_id, product_master_id, quantity, status, cost, date_created) values (36, 18,18,3,1,2670,'2017-07-14 16:38:21');
insert into orders (id, user_id, name, phone, email, address_id, number_of_items, cost, status,ship_at,completed_at, date_created) values (19, 5, 'long','0912593240', 'long@gmail.com', 5,2,550,2,'2017-04-17 22:01:16',null,'2017-04-17 20:56:28');
insert into activities(id, sender_id, order_id, receiver_id, type, date_created,status) values (153,null,19,5,4,'2017-04-17 20:56:28',1);
insert into order_items(id, order_id, product_master_id, quantity, status, cost, date_created) values (37, 19,19,2,1,220,'2017-04-17 20:56:28');
insert into order_items(id, order_id, product_master_id, quantity, status, cost, date_created) values (38, 19,30,3,1,330,'2017-04-17 20:56:28');
insert into orders (id, user_id, name, phone, email, address_id, number_of_items, cost, status,ship_at,completed_at, date_created) values (20, 6, 'ninh','0912593240', 'ninh@gmail.com', 6,2,1620,1,null,null,'2017-07-17 06:53:15');
insert into activities(id, sender_id, order_id, receiver_id, type, date_created,status) values (154,6,20,null,1,'2017-07-17 06:53:15',1);
insert into order_items(id, order_id, product_master_id, quantity, status, cost, date_created) values (39, 20,1,3,1,1020,'2017-07-17 06:53:15');
insert into order_items(id, order_id, product_master_id, quantity, status, cost, date_created) values (40, 20,15,5,1,600,'2017-07-17 06:53:15');
insert into orders (id, user_id, name, phone, email, address_id, number_of_items, cost, status,ship_at,completed_at, date_created) values (21, 7, 'test','0912593240', 'test@gmail.com', 7,2,1620,1,null,null,'2017-08-21 07:12:17');
insert into activities(id, sender_id, order_id, receiver_id, type, date_created,status) values (155,7,21,null,1,'2017-08-21 07:12:17',1);
insert into order_items(id, order_id, product_master_id, quantity, status, cost, date_created) values (41, 21,32,2,1,480,'2017-08-21 07:12:17');
insert into order_items(id, order_id, product_master_id, quantity, status, cost, date_created) values (42, 21,34,3,1,1140,'2017-08-21 07:12:17');
insert into orders (id, user_id, name, phone, email, address_id, number_of_items, cost, status,ship_at,completed_at, date_created) values (22, 1, 'admin','0912593240', 'admin@gmail.com', 1,2,720,1,null,null,'2017-06-24 20:48:29');
insert into activities(id, sender_id, order_id, receiver_id, type, date_created,status) values (156,1,22,null,1,'2017-06-24 20:48:29',1);
insert into order_items(id, order_id, product_master_id, quantity, status, cost, date_created) values (43, 22,3,1,1,120,'2017-06-24 20:48:29');
insert into order_items(id, order_id, product_master_id, quantity, status, cost, date_created) values (44, 22,11,3,1,600,'2017-06-24 20:48:29');
insert into orders (id, user_id, name, phone, email, address_id, number_of_items, cost, status,ship_at,completed_at, date_created) values (23, 2, 'admin1','0912593240', 'admin1@gmail.com', 2,2,840,1,null,null,'2017-09-27 05:31:08');
insert into activities(id, sender_id, order_id, receiver_id, type, date_created,status) values (157,2,23,null,1,'2017-09-27 05:31:08',1);
insert into order_items(id, order_id, product_master_id, quantity, status, cost, date_created) values (45, 23,4,2,1,240,'2017-09-27 05:31:08');
insert into order_items(id, order_id, product_master_id, quantity, status, cost, date_created) values (46, 23,21,3,1,600,'2017-09-27 05:31:08');
insert into orders (id, user_id, name, phone, email, address_id, number_of_items, cost, status,ship_at,completed_at, date_created) values (24, 3, 'truong','0912593240', 'truong@gmail.com', 3,2,1220,3,'2017-09-06 08:30:16','2017-09-06 09:50:33','2017-09-06 07:46:55');
insert into activities(id, sender_id, order_id, receiver_id, type, date_created,status) values (158,null,24,3,5,'2017-09-06 07:46:55',1);
insert into order_items(id, order_id, product_master_id, quantity, status, cost, date_created) values (47, 24,5,1,1,890,'2017-09-06 07:46:55');
insert into order_items(id, order_id, product_master_id, quantity, status, cost, date_created) values (48, 24,9,3,1,330,'2017-09-06 07:46:55');
insert into orders (id, user_id, name, phone, email, address_id, number_of_items, cost, status,ship_at,completed_at, date_created) values (25, 4, 'duc','0912593240', 'duc@gmail.com', 4,2,660,2,'2017-05-24 16:41:58',null,'2017-05-24 15:28:09');
insert into activities(id, sender_id, order_id, receiver_id, type, date_created,status) values (159,null,25,4,4,'2017-05-24 15:28:09',1);
insert into order_items(id, order_id, product_master_id, quantity, status, cost, date_created) values (49, 25,8,1,1,110,'2017-05-24 15:28:09');
insert into order_items(id, order_id, product_master_id, quantity, status, cost, date_created) values (50, 25,30,5,1,550,'2017-05-24 15:28:09');
insert into orders (id, user_id, name, phone, email, address_id, number_of_items, cost, status,ship_at,completed_at, date_created) values (26, 5, 'long','0912593240', 'long@gmail.com', 5,2,1370,2,'2017-06-24 06:52:27',null,'2017-06-24 05:59:52');
insert into activities(id, sender_id, order_id, receiver_id, type, date_created,status) values (160,null,26,5,4,'2017-06-24 05:59:52',1);
insert into order_items(id, order_id, product_master_id, quantity, status, cost, date_created) values (51, 26,24,1,1,530,'2017-06-24 05:59:52');
insert into order_items(id, order_id, product_master_id, quantity, status, cost, date_created) values (52, 26,39,2,1,840,'2017-06-24 05:59:52');
insert into orders (id, user_id, name, phone, email, address_id, number_of_items, cost, status,ship_at,completed_at, date_created) values (27, 6, 'ninh','0912593240', 'ninh@gmail.com', 6,2,2490,1,null,null,'2017-08-18 16:37:10');
insert into activities(id, sender_id, order_id, receiver_id, type, date_created,status) values (161,6,27,null,1,'2017-08-18 16:37:10',1);
insert into order_items(id, order_id, product_master_id, quantity, status, cost, date_created) values (53, 27,32,1,1,240,'2017-08-18 16:37:10');
insert into order_items(id, order_id, product_master_id, quantity, status, cost, date_created) values (54, 27,37,5,1,2250,'2017-08-18 16:37:10');
insert into orders (id, user_id, name, phone, email, address_id, number_of_items, cost, status,ship_at,completed_at, date_created) values (28, 7, 'test','0912593240', 'test@gmail.com', 7,2,2110,1,null,null,'2017-07-05 09:34:38');
insert into activities(id, sender_id, order_id, receiver_id, type, date_created,status) values (162,7,28,null,1,'2017-07-05 09:34:38',1);
insert into order_items(id, order_id, product_master_id, quantity, status, cost, date_created) values (55, 28,18,2,1,1780,'2017-07-05 09:34:38');
insert into order_items(id, order_id, product_master_id, quantity, status, cost, date_created) values (56, 28,20,3,1,330,'2017-07-05 09:34:38');
insert into orders (id, user_id, name, phone, email, address_id, number_of_items, cost, status,ship_at,completed_at, date_created) values (29, 1, 'admin','0912593240', 'admin@gmail.com', 1,2,1540,3,'2017-07-31 12:01:29','2017-07-31 12:55:03','2017-07-31 10:39:16');
insert into activities(id, sender_id, order_id, receiver_id, type, date_created,status) values (163,null,29,1,5,'2017-07-31 10:39:16',1);
insert into order_items(id, order_id, product_master_id, quantity, status, cost, date_created) values (57, 29,10,2,1,400,'2017-07-31 10:39:16');
insert into order_items(id, order_id, product_master_id, quantity, status, cost, date_created) values (58, 29,34,3,1,1140,'2017-07-31 10:39:16');
insert into orders (id, user_id, name, phone, email, address_id, number_of_items, cost, status,ship_at,completed_at, date_created) values (30, 2, 'admin1','0912593240', 'admin1@gmail.com', 2,2,1910,3,'2017-09-21 19:26:00','2017-09-21 20:29:36','2017-09-21 18:27:57');
insert into activities(id, sender_id, order_id, receiver_id, type, date_created,status) values (164,null,30,2,5,'2017-09-21 18:27:57',1);
insert into order_items(id, order_id, product_master_id, quantity, status, cost, date_created) values (59, 30,23,4,1,1360,'2017-09-21 18:27:57');
insert into order_items(id, order_id, product_master_id, quantity, status, cost, date_created) values (60, 30,38,5,1,550,'2017-09-21 18:27:57');
insert into orders (id, user_id, name, phone, email, address_id, number_of_items, cost, status,ship_at,completed_at, date_created) values (31, 3, 'truong','0912593240', 'truong@gmail.com', 3,2,3130,2,'2017-05-23 05:15:07',null,'2017-05-23 04:14:15');
insert into activities(id, sender_id, order_id, receiver_id, type, date_created,status) values (165,null,31,3,4,'2017-05-23 04:14:15',1);
insert into order_items(id, order_id, product_master_id, quantity, status, cost, date_created) values (61, 31,5,2,1,1780,'2017-05-23 04:14:15');
insert into order_items(id, order_id, product_master_id, quantity, status, cost, date_created) values (62, 31,37,3,1,1350,'2017-05-23 04:14:15');
insert into orders (id, user_id, name, phone, email, address_id, number_of_items, cost, status,ship_at,completed_at, date_created) values (32, 4, 'duc','0912593240', 'duc@gmail.com', 4,2,2980,1,null,null,'2017-06-06 03:08:32');
insert into activities(id, sender_id, order_id, receiver_id, type, date_created,status) values (166,4,32,null,1,'2017-06-06 03:08:32',1);
insert into order_items(id, order_id, product_master_id, quantity, status, cost, date_created) values (63, 32,5,2,1,1780,'2017-06-06 03:08:32');
insert into order_items(id, order_id, product_master_id, quantity, status, cost, date_created) values (64, 32,32,5,1,1200,'2017-06-06 03:08:32');
insert into orders (id, user_id, name, phone, email, address_id, number_of_items, cost, status,ship_at,completed_at, date_created) values (33, 5, 'long','0912593240', 'long@gmail.com', 5,2,1490,3,'2017-07-19 18:24:25','2017-07-19 19:14:40','2017-07-19 17:15:34');
insert into activities(id, sender_id, order_id, receiver_id, type, date_created,status) values (167,null,33,5,5,'2017-07-19 17:15:34',1);
insert into order_items(id, order_id, product_master_id, quantity, status, cost, date_created) values (65, 33,16,1,1,890,'2017-07-19 17:15:34');
insert into order_items(id, order_id, product_master_id, quantity, status, cost, date_created) values (66, 33,26,5,1,600,'2017-07-19 17:15:34');
insert into orders (id, user_id, name, phone, email, address_id, number_of_items, cost, status,ship_at,completed_at, date_created) values (34, 6, 'ninh','0912593240', 'ninh@gmail.com', 6,2,3730,3,'2017-06-05 17:32:39','2017-06-05 19:11:26','2017-06-05 16:43:14');
insert into activities(id, sender_id, order_id, receiver_id, type, date_created,status) values (168,null,34,6,5,'2017-06-05 16:43:14',1);
insert into order_items(id, order_id, product_master_id, quantity, status, cost, date_created) values (67, 34,2,2,1,1060,'2017-06-05 16:43:14');
insert into order_items(id, order_id, product_master_id, quantity, status, cost, date_created) values (68, 34,18,3,1,2670,'2017-06-05 16:43:14');
insert into orders (id, user_id, name, phone, email, address_id, number_of_items, cost, status,ship_at,completed_at, date_created) values (35, 7, 'test','0912593240', 'test@gmail.com', 7,2,3730,2,'2017-08-03 18:13:43',null,'2017-08-03 17:25:19');
insert into activities(id, sender_id, order_id, receiver_id, type, date_created,status) values (169,null,35,7,4,'2017-08-03 17:25:19',1);
insert into order_items(id, order_id, product_master_id, quantity, status, cost, date_created) values (69, 35,13,2,1,1060,'2017-08-03 17:25:19');
insert into order_items(id, order_id, product_master_id, quantity, status, cost, date_created) values (70, 35,29,3,1,2670,'2017-08-03 17:25:19');
insert into orders (id, user_id, name, phone, email, address_id, number_of_items, cost, status,ship_at,completed_at, date_created) values (36, 1, 'admin','0912593240', 'admin@gmail.com', 1,2,4810,2,'2017-05-24 23:06:16',null,'2017-05-24 22:12:55');
insert into activities(id, sender_id, order_id, receiver_id, type, date_created,status) values (170,null,36,1,4,'2017-05-24 22:12:55',1);
insert into order_items(id, order_id, product_master_id, quantity, status, cost, date_created) values (71, 36,3,3,1,360,'2017-05-24 22:12:55');
insert into order_items(id, order_id, product_master_id, quantity, status, cost, date_created) values (72, 36,28,5,1,4450,'2017-05-24 22:12:55');
insert into orders (id, user_id, name, phone, email, address_id, number_of_items, cost, status,ship_at,completed_at, date_created) values (37, 2, 'admin1','0912593240', 'admin1@gmail.com', 2,2,2670,1,null,null,'2017-08-30 08:13:52');
insert into activities(id, sender_id, order_id, receiver_id, type, date_created,status) values (171,2,37,null,1,'2017-08-30 08:13:52',1);
insert into order_items(id, order_id, product_master_id, quantity, status, cost, date_created) values (73, 37,27,3,1,2670,'2017-08-30 08:13:52');
insert into order_items(id, order_id, product_master_id, quantity, status, cost, date_created) values (74, 37,41,4,1,0,'2017-08-30 08:13:52');
insert into orders (id, user_id, name, phone, email, address_id, number_of_items, cost, status,ship_at,completed_at, date_created) values (38, 3, 'truong','0912593240', 'truong@gmail.com', 3,2,710,2,'2017-08-30 08:22:34',null,'2017-08-30 07:34:13');
insert into activities(id, sender_id, order_id, receiver_id, type, date_created,status) values (172,null,38,3,4,'2017-08-30 07:34:13',1);
insert into order_items(id, order_id, product_master_id, quantity, status, cost, date_created) values (75, 38,8,1,1,110,'2017-08-30 07:34:13');
insert into order_items(id, order_id, product_master_id, quantity, status, cost, date_created) values (76, 38,14,5,1,600,'2017-08-30 07:34:13');
insert into orders (id, user_id, name, phone, email, address_id, number_of_items, cost, status,ship_at,completed_at, date_created) values (39, 4, 'duc','0912593240', 'duc@gmail.com', 4,2,4620,1,null,null,'2017-09-04 04:18:35');
insert into activities(id, sender_id, order_id, receiver_id, type, date_created,status) values (173,4,39,null,1,'2017-09-04 04:18:35',1);
insert into order_items(id, order_id, product_master_id, quantity, status, cost, date_created) values (77, 39,13,2,1,1060,'2017-09-04 04:18:35');
insert into order_items(id, order_id, product_master_id, quantity, status, cost, date_created) values (78, 39,29,4,1,3560,'2017-09-04 04:18:35');
insert into orders (id, user_id, name, phone, email, address_id, number_of_items, cost, status,ship_at,completed_at, date_created) values (40, 5, 'long','0912593240', 'long@gmail.com', 5,2,330,2,'2017-07-27 00:42:28',null,'2017-07-26 23:35:31');
insert into activities(id, sender_id, order_id, receiver_id, type, date_created,status) values (174,null,40,5,4,'2017-07-26 23:35:31',1);
insert into order_items(id, order_id, product_master_id, quantity, status, cost, date_created) values (79, 40,31,1,1,110,'2017-07-26 23:35:31');
insert into order_items(id, order_id, product_master_id, quantity, status, cost, date_created) values (80, 40,38,2,1,220,'2017-07-26 23:35:31');
insert into orders (id, user_id, name, phone, email, address_id, number_of_items, cost, status,ship_at,completed_at, date_created) values (41, 6, 'ninh','0912593240', 'ninh@gmail.com', 6,2,3220,3,'2017-09-29 23:10:29','2017-09-30 00:59:40','2017-09-29 22:31:45');
insert into activities(id, sender_id, order_id, receiver_id, type, date_created,status) values (175,null,41,6,5,'2017-09-29 22:31:45',1);
insert into order_items(id, order_id, product_master_id, quantity, status, cost, date_created) values (81, 41,28,3,1,2670,'2017-09-29 22:31:45');
insert into order_items(id, order_id, product_master_id, quantity, status, cost, date_created) values (82, 41,38,5,1,550,'2017-09-29 22:31:45');
insert into orders (id, user_id, name, phone, email, address_id, number_of_items, cost, status,ship_at,completed_at, date_created) values (42, 7, 'test','0912593240', 'test@gmail.com', 7,2,1580,1,null,null,'2017-04-14 11:22:41');
insert into activities(id, sender_id, order_id, receiver_id, type, date_created,status) values (176,7,42,null,1,'2017-04-14 11:22:41',1);
insert into order_items(id, order_id, product_master_id, quantity, status, cost, date_created) values (83, 42,12,3,1,1020,'2017-04-14 11:22:41');
insert into order_items(id, order_id, product_master_id, quantity, status, cost, date_created) values (84, 42,40,4,1,560,'2017-04-14 11:22:41');
insert into orders (id, user_id, name, phone, email, address_id, number_of_items, cost, status,ship_at,completed_at, date_created) values (43, 1, 'admin','0912593240', 'admin@gmail.com', 1,2,1850,3,'2017-07-01 23:35:38','2017-07-02 00:40:14','2017-07-01 22:21:49');
insert into activities(id, sender_id, order_id, receiver_id, type, date_created,status) values (177,null,43,1,5,'2017-07-01 22:21:49',1);
insert into order_items(id, order_id, product_master_id, quantity, status, cost, date_created) values (85, 43,6,1,1,890,'2017-07-01 22:21:49');
insert into order_items(id, order_id, product_master_id, quantity, status, cost, date_created) values (86, 43,33,4,1,960,'2017-07-01 22:21:49');
insert into orders (id, user_id, name, phone, email, address_id, number_of_items, cost, status,ship_at,completed_at, date_created) values (44, 2, 'admin1','0912593240', 'admin1@gmail.com', 2,2,5100,1,null,null,'2017-08-04 19:26:38');
insert into activities(id, sender_id, order_id, receiver_id, type, date_created,status) values (178,2,44,null,1,'2017-08-04 19:26:38',1);
insert into order_items(id, order_id, product_master_id, quantity, status, cost, date_created) values (87, 44,18,2,1,1780,'2017-08-04 19:26:38');
insert into order_items(id, order_id, product_master_id, quantity, status, cost, date_created) values (88, 44,35,4,1,3320,'2017-08-04 19:26:38');
insert into orders (id, user_id, name, phone, email, address_id, number_of_items, cost, status,ship_at,completed_at, date_created) values (45, 3, 'truong','0912593240', 'truong@gmail.com', 3,2,1730,1,null,null,'2017-06-03 21:59:12');
insert into activities(id, sender_id, order_id, receiver_id, type, date_created,status) values (179,3,45,null,1,'2017-06-03 21:59:12',1);
insert into order_items(id, order_id, product_master_id, quantity, status, cost, date_created) values (89, 45,7,1,1,890,'2017-06-03 21:59:12');
insert into order_items(id, order_id, product_master_id, quantity, status, cost, date_created) values (90, 45,39,2,1,840,'2017-06-03 21:59:12');
insert into orders (id, user_id, name, phone, email, address_id, number_of_items, cost, status,ship_at,completed_at, date_created) values (46, 4, 'duc','0912593240', 'duc@gmail.com', 4,2,4670,2,'2017-07-02 20:08:34',null,'2017-07-02 18:59:56');
insert into activities(id, sender_id, order_id, receiver_id, type, date_created,status) values (180,null,46,4,4,'2017-07-02 18:59:56',1);
insert into order_items(id, order_id, product_master_id, quantity, status, cost, date_created) values (91, 46,9,2,1,220,'2017-07-02 18:59:56');
insert into order_items(id, order_id, product_master_id, quantity, status, cost, date_created) values (92, 46,27,5,1,4450,'2017-07-02 18:59:56');
insert into orders (id, user_id, name, phone, email, address_id, number_of_items, cost, status,ship_at,completed_at, date_created) values (47, 5, 'long','0912593240', 'long@gmail.com', 5,2,960,1,null,null,'2017-08-21 02:27:05');
insert into activities(id, sender_id, order_id, receiver_id, type, date_created,status) values (181,5,47,null,1,'2017-08-21 02:27:05',1);
insert into order_items(id, order_id, product_master_id, quantity, status, cost, date_created) values (93, 47,26,2,1,240,'2017-08-21 02:27:05');
insert into order_items(id, order_id, product_master_id, quantity, status, cost, date_created) values (94, 47,33,3,1,720,'2017-08-21 02:27:05');
insert into orders (id, user_id, name, phone, email, address_id, number_of_items, cost, status,ship_at,completed_at, date_created) values (48, 6, 'ninh','0912593240', 'ninh@gmail.com', 6,2,720,1,null,null,'2017-06-20 15:30:08');
insert into activities(id, sender_id, order_id, receiver_id, type, date_created,status) values (182,6,48,null,1,'2017-06-20 15:30:08',1);
insert into order_items(id, order_id, product_master_id, quantity, status, cost, date_created) values (95, 48,15,2,1,240,'2017-06-20 15:30:08');
insert into order_items(id, order_id, product_master_id, quantity, status, cost, date_created) values (96, 48,26,4,1,480,'2017-06-20 15:30:08');
insert into orders (id, user_id, name, phone, email, address_id, number_of_items, cost, status,ship_at,completed_at, date_created) values (49, 7, 'test','0912593240', 'test@gmail.com', 7,2,1640,2,'2017-08-28 10:32:26',null,'2017-08-28 09:37:51');
insert into activities(id, sender_id, order_id, receiver_id, type, date_created,status) values (183,null,49,7,4,'2017-08-28 09:37:51',1);
insert into order_items(id, order_id, product_master_id, quantity, status, cost, date_created) values (97, 49,30,4,1,440,'2017-08-28 09:37:51');
insert into order_items(id, order_id, product_master_id, quantity, status, cost, date_created) values (98, 49,32,5,1,1200,'2017-08-28 09:37:51');
insert into orders (id, user_id, name, phone, email, address_id, number_of_items, cost, status,ship_at,completed_at, date_created) values (50, 1, 'admin','0912593240', 'admin@gmail.com', 1,2,4780,3,'2017-08-27 22:40:53','2017-08-27 23:18:01','2017-08-27 21:36:46');
insert into activities(id, sender_id, order_id, receiver_id, type, date_created,status) values (184,null,50,1,5,'2017-08-27 21:36:46',1);
insert into order_items(id, order_id, product_master_id, quantity, status, cost, date_created) values (99, 50,8,3,1,330,'2017-08-27 21:36:46');
insert into order_items(id, order_id, product_master_id, quantity, status, cost, date_created) values (100, 50,17,5,1,4450,'2017-08-27 21:36:46');
insert into orders (id, user_id, name, phone, email, address_id, number_of_items, cost, status,ship_at,completed_at, date_created) values (51, 2, 'admin1','0912593240', 'admin1@gmail.com', 2,2,1890,2,'2017-05-07 07:21:25',null,'2017-05-07 06:07:40');
insert into activities(id, sender_id, order_id, receiver_id, type, date_created,status) values (185,null,51,2,4,'2017-05-07 06:07:40',1);
insert into order_items(id, order_id, product_master_id, quantity, status, cost, date_created) values (101, 51,7,1,1,890,'2017-05-07 06:07:40');
insert into order_items(id, order_id, product_master_id, quantity, status, cost, date_created) values (102, 51,21,5,1,1000,'2017-05-07 06:07:40');
insert into orders (id, user_id, name, phone, email, address_id, number_of_items, cost, status,ship_at,completed_at, date_created) values (52, 3, 'truong','0912593240', 'truong@gmail.com', 3,2,4560,1,null,null,'2017-07-26 09:21:05');
insert into activities(id, sender_id, order_id, receiver_id, type, date_created,status) values (186,3,52,null,1,'2017-07-26 09:21:05',1);
insert into order_items(id, order_id, product_master_id, quantity, status, cost, date_created) values (103, 52,17,4,1,3560,'2017-07-26 09:21:05');
insert into order_items(id, order_id, product_master_id, quantity, status, cost, date_created) values (104, 52,22,5,1,1000,'2017-07-26 09:21:05');
insert into orders (id, user_id, name, phone, email, address_id, number_of_items, cost, status,ship_at,completed_at, date_created) values (53, 4, 'duc','0912593240', 'duc@gmail.com', 4,2,420,1,null,null,'2017-09-24 09:35:49');
insert into activities(id, sender_id, order_id, receiver_id, type, date_created,status) values (187,4,53,null,1,'2017-09-24 09:35:49',1);
insert into order_items(id, order_id, product_master_id, quantity, status, cost, date_created) values (105, 53,11,1,1,200,'2017-09-24 09:35:49');
insert into order_items(id, order_id, product_master_id, quantity, status, cost, date_created) values (106, 53,19,2,1,220,'2017-09-24 09:35:49');
insert into orders (id, user_id, name, phone, email, address_id, number_of_items, cost, status,ship_at,completed_at, date_created) values (54, 5, 'long','0912593240', 'long@gmail.com', 5,2,1290,3,'2017-09-26 08:43:28','2017-09-26 09:13:00','2017-09-26 07:32:46');
insert into activities(id, sender_id, order_id, receiver_id, type, date_created,status) values (188,null,54,5,5,'2017-09-26 07:32:46',1);
insert into order_items(id, order_id, product_master_id, quantity, status, cost, date_created) values (107, 54,9,3,1,330,'2017-09-26 07:32:46');
insert into order_items(id, order_id, product_master_id, quantity, status, cost, date_created) values (108, 54,33,4,1,960,'2017-09-26 07:32:46');
insert into orders (id, user_id, name, phone, email, address_id, number_of_items, cost, status,ship_at,completed_at, date_created) values (55, 6, 'ninh','0912593240', 'ninh@gmail.com', 6,2,2070,2,'2017-07-29 22:44:35',null,'2017-07-29 21:38:40');
insert into activities(id, sender_id, order_id, receiver_id, type, date_created,status) values (189,null,55,6,4,'2017-07-29 21:38:40',1);
insert into order_items(id, order_id, product_master_id, quantity, status, cost, date_created) values (109, 55,24,3,1,1590,'2017-07-29 21:38:40');
insert into order_items(id, order_id, product_master_id, quantity, status, cost, date_created) values (110, 55,25,4,1,480,'2017-07-29 21:38:40');
insert into orders (id, user_id, name, phone, email, address_id, number_of_items, cost, status,ship_at,completed_at, date_created) values (56, 7, 'test','0912593240', 'test@gmail.com', 7,2,2800,1,null,null,'2017-08-23 20:58:41');
insert into activities(id, sender_id, order_id, receiver_id, type, date_created,status) values (190,7,56,null,1,'2017-08-23 20:58:41',1);
insert into order_items(id, order_id, product_master_id, quantity, status, cost, date_created) values (111, 56,16,2,1,1780,'2017-08-23 20:58:41');
insert into order_items(id, order_id, product_master_id, quantity, status, cost, date_created) values (112, 56,23,3,1,1020,'2017-08-23 20:58:41');
insert into orders (id, user_id, name, phone, email, address_id, number_of_items, cost, status,ship_at,completed_at, date_created) values (57, 1, 'admin','0912593240', 'admin@gmail.com', 1,2,3670,2,'2017-05-27 08:34:46',null,'2017-05-27 07:18:12');
insert into activities(id, sender_id, order_id, receiver_id, type, date_created,status) values (191,null,57,1,4,'2017-05-27 07:18:12',1);
insert into order_items(id, order_id, product_master_id, quantity, status, cost, date_created) values (113, 57,8,1,1,110,'2017-05-27 07:18:12');
insert into order_items(id, order_id, product_master_id, quantity, status, cost, date_created) values (114, 57,27,4,1,3560,'2017-05-27 07:18:12');
insert into orders (id, user_id, name, phone, email, address_id, number_of_items, cost, status,ship_at,completed_at, date_created) values (58, 2, 'admin1','0912593240', 'admin1@gmail.com', 2,2,1900,1,null,null,'2017-04-23 07:06:35');
insert into activities(id, sender_id, order_id, receiver_id, type, date_created,status) values (192,2,58,null,1,'2017-04-23 07:06:35',1);
insert into order_items(id, order_id, product_master_id, quantity, status, cost, date_created) values (115, 58,4,1,1,120,'2017-04-23 07:06:35');
insert into order_items(id, order_id, product_master_id, quantity, status, cost, date_created) values (116, 58,27,2,1,1780,'2017-04-23 07:06:35');
insert into orders (id, user_id, name, phone, email, address_id, number_of_items, cost, status,ship_at,completed_at, date_created) values (59, 3, 'truong','0912593240', 'truong@gmail.com', 3,2,3350,2,'2017-09-14 17:00:43',null,'2017-09-14 16:20:12');
insert into activities(id, sender_id, order_id, receiver_id, type, date_created,status) values (193,null,59,3,4,'2017-09-14 16:20:12',1);
insert into order_items(id, order_id, product_master_id, quantity, status, cost, date_created) values (117, 59,12,2,1,680,'2017-09-14 16:20:12');
insert into order_items(id, order_id, product_master_id, quantity, status, cost, date_created) values (118, 59,17,3,1,2670,'2017-09-14 16:20:12');
insert into orders (id, user_id, name, phone, email, address_id, number_of_items, cost, status,ship_at,completed_at, date_created) values (60, 4, 'duc','0912593240', 'duc@gmail.com', 4,2,1690,1,null,null,'2017-07-02 10:16:40');
insert into activities(id, sender_id, order_id, receiver_id, type, date_created,status) values (194,4,60,null,1,'2017-07-02 10:16:40',1);
insert into order_items(id, order_id, product_master_id, quantity, status, cost, date_created) values (119, 60,16,1,1,890,'2017-07-02 10:16:40');
insert into order_items(id, order_id, product_master_id, quantity, status, cost, date_created) values (120, 60,21,4,1,800,'2017-07-02 10:16:40');
insert into orders (id, user_id, name, phone, email, address_id, number_of_items, cost, status,ship_at,completed_at, date_created) values (61, 5, 'long','0912593240', 'long@gmail.com', 5,2,440,1,null,null,'2017-05-25 08:24:42');
insert into activities(id, sender_id, order_id, receiver_id, type, date_created,status) values (195,5,61,null,1,'2017-05-25 08:24:42',1);
insert into order_items(id, order_id, product_master_id, quantity, status, cost, date_created) values (121, 61,30,4,1,440,'2017-05-25 08:24:42');
insert into order_items(id, order_id, product_master_id, quantity, status, cost, date_created) values (122, 61,41,5,1,0,'2017-05-25 08:24:42');
insert into orders (id, user_id, name, phone, email, address_id, number_of_items, cost, status,ship_at,completed_at, date_created) values (62, 6, 'ninh','0912593240', 'ninh@gmail.com', 6,2,1980,3,'2017-08-15 08:01:12','2017-08-15 09:12:38','2017-08-15 07:14:33');
insert into activities(id, sender_id, order_id, receiver_id, type, date_created,status) values (196,null,62,6,5,'2017-08-15 07:14:33',1);
insert into order_items(id, order_id, product_master_id, quantity, status, cost, date_created) values (123, 62,10,1,1,200,'2017-08-15 07:14:33');
insert into order_items(id, order_id, product_master_id, quantity, status, cost, date_created) values (124, 62,16,2,1,1780,'2017-08-15 07:14:33');
insert into orders (id, user_id, name, phone, email, address_id, number_of_items, cost, status,ship_at,completed_at, date_created) values (63, 7, 'test','0912593240', 'test@gmail.com', 7,2,200,3,'2017-04-30 00:43:22','2017-04-30 01:58:42','2017-04-29 23:45:10');
insert into activities(id, sender_id, order_id, receiver_id, type, date_created,status) values (197,null,63,7,5,'2017-04-29 23:45:10',1);
insert into order_items(id, order_id, product_master_id, quantity, status, cost, date_created) values (125, 63,21,1,1,200,'2017-04-29 23:45:10');
insert into order_items(id, order_id, product_master_id, quantity, status, cost, date_created) values (126, 63,41,3,1,0,'2017-04-29 23:45:10');
insert into orders (id, user_id, name, phone, email, address_id, number_of_items, cost, status,ship_at,completed_at, date_created) values (64, 1, 'admin','0912593240', 'admin@gmail.com', 1,2,1500,1,null,null,'2017-05-21 04:33:59');
insert into activities(id, sender_id, order_id, receiver_id, type, date_created,status) values (198,1,64,null,1,'2017-05-21 04:33:59',1);
insert into order_items(id, order_id, product_master_id, quantity, status, cost, date_created) values (127, 64,13,2,1,1060,'2017-05-21 04:33:59');
insert into order_items(id, order_id, product_master_id, quantity, status, cost, date_created) values (128, 64,31,4,1,440,'2017-05-21 04:33:59');
insert into orders (id, user_id, name, phone, email, address_id, number_of_items, cost, status,ship_at,completed_at, date_created) values (65, 2, 'admin1','0912593240', 'admin1@gmail.com', 2,2,550,2,'2017-04-26 23:29:49',null,'2017-04-26 22:55:03');
insert into activities(id, sender_id, order_id, receiver_id, type, date_created,status) values (199,null,65,2,4,'2017-04-26 22:55:03',1);
insert into order_items(id, order_id, product_master_id, quantity, status, cost, date_created) values (129, 65,8,2,1,220,'2017-04-26 22:55:03');
insert into order_items(id, order_id, product_master_id, quantity, status, cost, date_created) values (130, 65,38,3,1,330,'2017-04-26 22:55:03');
insert into orders (id, user_id, name, phone, email, address_id, number_of_items, cost, status,ship_at,completed_at, date_created) values (66, 3, 'truong','0912593240', 'truong@gmail.com', 3,2,3920,2,'2017-06-17 03:55:33',null,'2017-06-17 03:00:26');
insert into activities(id, sender_id, order_id, receiver_id, type, date_created,status) values (200,null,66,3,4,'2017-06-17 03:00:26',1);
insert into order_items(id, order_id, product_master_id, quantity, status, cost, date_created) values (131, 66,4,3,1,360,'2017-06-17 03:00:26');
insert into order_items(id, order_id, product_master_id, quantity, status, cost, date_created) values (132, 66,6,4,1,3560,'2017-06-17 03:00:26');
insert into orders (id, user_id, name, phone, email, address_id, number_of_items, cost, status,ship_at,completed_at, date_created) values (67, 4, 'duc','0912593240', 'duc@gmail.com', 4,2,1500,3,'2017-05-28 11:15:15','2017-05-28 11:59:33','2017-05-28 09:56:37');
insert into activities(id, sender_id, order_id, receiver_id, type, date_created,status) values (201,null,67,4,5,'2017-05-28 09:56:37',1);
insert into order_items(id, order_id, product_master_id, quantity, status, cost, date_created) values (133, 67,12,3,1,1020,'2017-05-28 09:56:37');
insert into order_items(id, order_id, product_master_id, quantity, status, cost, date_created) values (134, 67,25,4,1,480,'2017-05-28 09:56:37');
insert into orders (id, user_id, name, phone, email, address_id, number_of_items, cost, status,ship_at,completed_at, date_created) values (68, 5, 'long','0912593240', 'long@gmail.com', 5,2,3180,3,'2017-09-10 08:34:52','2017-09-10 09:44:13','2017-09-10 07:12:43');
insert into activities(id, sender_id, order_id, receiver_id, type, date_created,status) values (202,null,68,5,5,'2017-09-10 07:12:43',1);
insert into order_items(id, order_id, product_master_id, quantity, status, cost, date_created) values (135, 68,13,1,1,530,'2017-09-10 07:12:43');
insert into order_items(id, order_id, product_master_id, quantity, status, cost, date_created) values (136, 68,24,5,1,2650,'2017-09-10 07:12:43');
insert into orders (id, user_id, name, phone, email, address_id, number_of_items, cost, status,ship_at,completed_at, date_created) values (69, 6, 'ninh','0912593240', 'ninh@gmail.com', 6,2,1080,2,'2017-08-07 00:24:46',null,'2017-08-06 23:22:49');
insert into activities(id, sender_id, order_id, receiver_id, type, date_created,status) values (203,null,69,6,4,'2017-08-06 23:22:49',1);
insert into order_items(id, order_id, product_master_id, quantity, status, cost, date_created) values (137, 69,14,1,1,120,'2017-08-06 23:22:49');
insert into order_items(id, order_id, product_master_id, quantity, status, cost, date_created) values (138, 69,32,4,1,960,'2017-08-06 23:22:49');
insert into orders (id, user_id, name, phone, email, address_id, number_of_items, cost, status,ship_at,completed_at, date_created) values (70, 7, 'test','0912593240', 'test@gmail.com', 7,2,840,1,null,null,'2017-04-15 05:19:00');
insert into activities(id, sender_id, order_id, receiver_id, type, date_created,status) values (204,7,70,null,1,'2017-04-15 05:19:00',1);
insert into order_items(id, order_id, product_master_id, quantity, status, cost, date_created) values (139, 70,39,2,1,840,'2017-04-15 05:19:00');
insert into order_items(id, order_id, product_master_id, quantity, status, cost, date_created) values (140, 70,41,4,1,0,'2017-04-15 05:19:00');
update products set current_price = 120 where id = 1;
update products set current_price = 272 where id = 2;
update products set current_price = 344 where id = 3;
update products set current_price = 72 where id = 4;
update products set current_price = 623 where id = 5;
update products set current_price = 66 where id = 6;
update products set current_price = 140 where id = 7;
update products set current_price = 170 where id = 8;
update products set current_price = 450 where id = 9;
update products set current_price = 96 where id = 10;
update products set current_price = 623 where id = 11;
update products set current_price = 55 where id = 12;
update products set current_price = 100 where id = 13;
update products set current_price = 170 where id = 14;
update products set current_price = 265 where id = 15;
update products set current_price = 60 where id = 16;
update products set current_price = 667 where id = 17;
update products set current_price = 110 where id = 18;
update products set current_price = 240 where id = 19;
update products set current_price = 380 where id = 20;
update products set current_price = 830 where id = 21;
update products set current_price = 320 where id = 22;
update products set current_price = 450 where id = 23;
update products set current_price = 110 where id = 24;
update products set current_price = 420 where id = 25;
update products set current_price = 140 where id = 26;
ALTER SEQUENCE addresses_id_seq RESTART WITH 100;
ALTER SEQUENCE activities_id_seq RESTART WITH 1000;
ALTER SEQUENCE categories_id_seq RESTART WITH 100;
ALTER SEQUENCE comments_id_seq RESTART WITH 500;
ALTER SEQUENCE districts_id_seq RESTART WITH 500;
ALTER SEQUENCE images_id_seq RESTART WITH 500;
ALTER SEQUENCE keywords_id_seq RESTART WITH 100;
ALTER SEQUENCE order_items_id_seq RESTART WITH 1000;
ALTER SEQUENCE orders_id_seq RESTART WITH 300;
ALTER SEQUENCE product_color_images_id_seq RESTART WITH 100;
ALTER SEQUENCE product_keywords_id_seq RESTART WITH 400;
ALTER SEQUENCE product_masters_id_seq RESTART WITH 500;
ALTER SEQUENCE products_id_seq RESTART WITH 70;
ALTER SEQUENCE provinces_id_seq RESTART WITH 70;
ALTER SEQUENCE reviews_id_seq RESTART WITH 200;
ALTER SEQUENCE sale_programs_id_seq RESTART WITH 70;
ALTER SEQUENCE sales_id_seq RESTART WITH 400;
ALTER SEQUENCE users_id_seq RESTART WITH 50;
